regiao,date,bruto_min,bruto_med,bruto_max,liq_min,liq_med,liq_max
Bahia,2016-01-01,0.9226,1.0429,1.1006,0.8552,0.9732,1.0293
Bahia,2016-02-01,0.9336,1.0288,1.0909,0.869,0.9625,1.0229
Bahia,2016-03-01,0.923,1.0273,1.0899,0.8571,0.9593,1.0204
Bahia,2016-04-01,0.9466,1.0512,1.1046,0.8666,0.9683,1.0212
Bahia,2016-05-01,0.9587,1.0635,1.1446,0.8896,0.9925,1.0715
Bahia,2016-06-01,1.0855,1.2256,1.362,0.9933,1.1322,1.2683
Bahia,2016-07-01,1.1858,1.3426,1.4936,1.0933,1.2484,1.3989
Bahia,2016-08-01,1.2347,1.3888,1.5419,1.1308,1.2833,1.4358
Bahia,2016-09-01,1.2398,1.381,1.5648,1.1266,1.2798,1.458
Bahia,2016-10-01,1.2099,1.3422,1.527,1.0967,1.2413,1.4205
Bahia,2016-11-01,1.0878,1.254,1.4553,1.0082,1.1532,1.3396
Bahia,2016-12-01,1.0805,1.244,1.4229,0.9901,1.1342,1.2969
Bahia,2017-01-01,1.1157,1.2468,1.449,1.0111,1.1236,1.3091
Bahia,2017-02-01,1.1594,1.2806,1.4618,1.0437,1.1551,1.3153
Bahia,2017-03-01,1.2962,1.2842,1.2841,1.1906,1.1572,1.1466
Bahia,2017-04-01,1.1213,1.277,1.4338,0.994,1.1465,1.2996
Bahia,2017-05-01,1.1014,1.2897,1.4578,0.9599,1.144,1.3083
Bahia,2017-06-01,1.0721,1.2899,1.5492,0.9278,1.1464,1.3942
Bahia,2017-07-01,1.1376,1.295,1.4937,1.0008,1.1553,1.349
Bahia,2017-08-01,1.0236,1.2411,1.4624,0.8895,1.1021,1.3185
Bahia,2017-09-01,0.9785,1.2089,1.3957,0.8524,1.0777,1.2603
Bahia,2017-10-01,0.9593,1.206,1.3846,0.8258,1.0669,1.2417
Bahia,2017-11-01,0.9349,1.1887,1.3414,0.8053,1.0534,1.2028
Bahia,2017-12-01,0.9036,1.1707,1.3403,0.7733,1.0345,1.2002
Bahia,2018-01-01,0.912,1.1628,1.3229,0.7855,1.0317,1.1886
Bahia,2018-02-01,0.9404,1.1938,1.3576,0.7968,1.0455,1.206
Bahia,2018-03-01,0.9621,1.201,1.3633,0.8136,1.0514,1.2104
Bahia,2018-04-01,1.2142,1.2866,1.3445,1.0696,1.1414,1.1979
Bahia,2018-05-01,1.1841,1.3038,1.3677,1.0136,1.1482,1.2067
Bahia,2018-06-01,1.2894,1.3636,1.4031,1.1503,1.212,1.2624
Bahia,2018-07-01,1.3342,1.399,1.5172,1.1844,1.2483,1.3647
Bahia,2018-08-01,1.3799,1.4386,1.545,1.2339,1.2916,1.3964
Bahia,2018-09-01,1.4565,1.5458,1.5941,1.3146,1.4025,1.4502
Bahia,2018-10-01,1.4774,1.5337,1.594,1.3377,1.3908,1.4502
Bahia,2018-11-01,1.4392,1.4875,1.5424,1.3006,1.3481,1.4023
Bahia,2018-12-01,1.3128,1.413,1.4585,1.1607,1.2602,1.304
Bahia,2019-01-01,1.4175,1.4274,1.4313,1.2879,1.2976,1.3015
Bahia,2019-02-01,1.5122,1.5201,1.5267,1.3807,1.3883,1.3954
Bahia,2019-03-01,1.5731,1.5813,1.5874,1.4357,1.4431,1.45
Bahia,2019-04-01,1.5296,1.5368,1.5464,1.4082,1.415,1.4264
Bahia,2019-05-01,1.4751,1.4812,1.486,1.3579,1.3634,1.3685
Bahia,2019-06-01,1.3454,1.3528,1.3548,1.2155,1.2224,1.2249
Bahia,2019-07-01,1.3948,1.4029,1.4065,1.2636,1.2716,1.2757
Bahia,2019-08-01,1.3756,1.3833,1.3857,1.2528,1.26,1.2631
Bahia,2019-09-01,1.3667,1.4217,1.4254,1.2286,1.2962,1.3002
Bahia,2019-10-01,1.3051,1.4486,1.4521,1.1492,1.3255,1.3284
Bahia,2019-11-01,1.29,1.4776,1.4804,1.1374,1.355,1.3577
Bahia,2019-12-01,NA,NA,NA,1.3467,1.3556,1.3581
Bahia,2020-01-01,NA,NA,NA,1.1293,1.4448,1.5477
Bahia,2020-02-01,NA,NA,NA,1.1258,1.4451,1.5484
Bahia,2020-03-01,NA,NA,NA,NA,1.4246,NA
Bahia,2020-04-01,NA,NA,NA,NA,1.2399,NA
Bahia,2020-05-01,NA,NA,NA,NA,1.4309,NA
Bahia,2020-06-01,NA,NA,NA,NA,1.6384,NA
Bahia,2020-07-01,NA,NA,NA,NA,1.853,NA
Bahia,2020-08-01,NA,NA,NA,1.9073,1.9924,2.0943
Bahia,2020-09-01,NA,NA,NA,1.9457,2.1201,2.3209
Bahia,2020-10-01,NA,NA,NA,1.9489,2.1445,2.3668
Bahia,2020-11-01,NA,NA,NA,1.9287,2.1112,2.3371
Bahia,2020-12-01,NA,NA,NA,1.8211,2.0461,2.331
Bahia,2021-01-01,NA,NA,NA,1.8232,1.988,2.2644
Bahia,2021-02-01,NA,NA,NA,1.7765,1.9114,2.1497
Bahia,2021-03-01,NA,NA,NA,1.7495,1.8817,2.1148
Bahia,2021-04-01,NA,NA,NA,1.7709,1.8802,2.1147
Bahia,2021-05-01,NA,NA,NA,1.8305,1.9471,2.1789
Bahia,2021-06-01,NA,NA,NA,1.9203,1.997,2.24
Bahia,2021-07-01,NA,NA,NA,1.9683,2.0678,2.4128
Bahia,2021-08-01,NA,NA,NA,2.0415,2.1534,2.4377
Bahia,2021-09-01,NA,NA,NA,2.0237,2.1257,2.2482
Bahia,2021-10-01,NA,NA,NA,1.902,2.0747,2.4116
Bahia,2021-11-01,NA,NA,NA,1.7797,1.9424,2.1791
Bahia,2021-12-01,NA,NA,NA,1.6881,1.832,2.1014
Bahia,2022-01-01,NA,NA,NA,1.719,1.8369,2.1605
Bahia,2022-02-01,NA,NA,NA,1.8055,1.9158,2.2736
Bahia,2022-03-01,NA,NA,NA,1.9977,2.0589,2.301
Bahia,2022-04-01,NA,NA,NA,2.0042,2.1264,2.4198
Bahia,2022-05-01,NA,NA,NA,2.1505,2.262,2.6644
Bahia,2022-06-01,NA,NA,NA,2.4876,2.6878,3.1072
Bahia,2022-07-01,NA,NA,NA,2.65,2.8758,3.3925
Bahia,2022-08-01,NA,NA,NA,NA,2.8549,NA
Bahia,2022-09-01,NA,NA,NA,NA,2.7453,NA
Bahia,2022-10-01,NA,NA,NA,NA,2.5869,NA
Bahia,2022-11-01,NA,NA,NA,NA,2.508,NA
Bahia,2022-12-01,NA,NA,NA,NA,2.4685,NA
Bahia,2023-01-01,NA,NA,NA,NA,2.4353,NA
Bahia,2023-02-01,NA,NA,NA,NA,2.3506,NA
Bahia,2023-03-01,NA,NA,NA,NA,2.406,NA
Bahia,2023-04-01,NA,NA,NA,NA,2.4316,NA
Bahia,2023-05-01,NA,NA,NA,NA,2.3363,NA
Bahia,2023-06-01,NA,NA,NA,NA,2.2847,NA
Bahia,2023-07-01,NA,NA,NA,NA,2.2011,NA
Bahia,2023-08-01,NA,NA,NA,NA,2.0923,NA
Bahia,2023-09-01,NA,NA,NA,NA,2.086,NA
Bahia,2023-10-01,NA,NA,NA,NA,2.0785,NA
Bahia,2023-11-01,NA,NA,NA,NA,2.0601,NA
Bahia,2023-12-01,NA,NA,NA,NA,2.0884,NA
Bahia,2024-01-01,NA,NA,NA,NA,2.0958,NA
Bahia,2024-02-01,NA,NA,NA,NA,2.1274,NA
Bahia,2024-03-01,NA,NA,NA,NA,2.1507,NA
Bahia,2024-04-01,NA,NA,NA,NA,2.2174,NA
Bahia,2024-05-01,NA,NA,NA,NA,2.3099,NA
Bahia,2024-06-01,NA,NA,NA,NA,2.4175,NA
Bahia,2024-07-01,NA,NA,NA,NA,2.3193,NA
Bahia,2024-09-01,NA,NA,NA,NA,2.5966,NA
Bahia,2024-10-01,NA,NA,NA,NA,2.6443,NA
Bahia,2024-11-01,NA,NA,NA,NA,2.612,NA
Bahia,2024-12-01,NA,NA,NA,NA,2.581,NA
Bahia,2025-01-01,NA,NA,NA,NA,2.565,NA
Bahia,2025-02-01,NA,NA,NA,NA,2.6025,NA
Bahia,2025-03-01,NA,NA,NA,NA,2.675,NA
Bahia,2025-04-01,NA,NA,NA,NA,2.6576,NA
Bahia,2025-05-01,NA,NA,NA,NA,2.6123,NA
Bahia,2025-06-01,NA,NA,NA,NA,2.5747,NA
Bahia,2025-07-01,NA,NA,NA,NA,2.5374,NA
Bahia,2025-08-01,NA,NA,NA,NA,2.4962,NA
Bahia,2025-09-01,NA,NA,NA,NA,2.4703,NA
Bahia,2025-10-01,NA,NA,NA,NA,2.372,NA
Bahia,2025-11-01,NA,NA,NA,NA,2.2011,NA
Bahia,2025-12-01,NA,NA,NA,NA,2.0559,NA
Bahia,2026-01-01,NA,NA,NA,NA,2.0665,NA
Bahia,2026-02-01,NA,NA,NA,NA,2.0967,NA
Bahia,2026-03-01,NA,NA,NA,NA,2.1858,NA
Bahia,2026-04-01,NA,NA,NA,NA,2.3536,NA
Ceara,2016-01-01,0.9655,1.027,1.1009,0.889,0.9496,1.0226
Ceara,2016-02-01,0.957,1.0573,1.1455,0.8748,0.9797,1.0629
Ceara,2016-03-01,0.9845,1.0778,1.1693,0.9057,1.0041,1.0904
Ceara,2016-04-01,0.9853,1.0811,1.1731,0.9065,1.0074,1.0941
Ceara,2016-05-01,0.9949,1.0901,1.187,0.9144,1.0146,1.1063
Ceara,2016-06-01,1.1312,1.2286,1.3254,1.0523,1.1546,1.2462
Ceara,2016-07-01,1.1587,1.2589,1.3851,1.1069,1.2053,1.3294
Ceara,2016-08-01,1.1727,1.2736,1.3898,1.1288,1.2286,1.2969
Ceara,2016-09-01,1.1744,1.2769,1.3923,1.128,1.229,1.3434
Ceara,2016-10-01,1.1668,1.2661,1.3837,1.1184,1.2163,1.3328
Ceara,2016-11-01,1.1935,1.2867,1.3913,1.1354,1.2269,1.33
Ceara,2016-12-01,1.1903,1.2813,1.388,1.132,1.2234,1.3264
Ceara,2017-01-01,1.1929,1.2843,1.3902,1.135,1.2248000000000001,1.3291
Ceara,2017-02-01,1.2107,1.3008,1.4057,1.153,1.2415,1.3448
Ceara,2017-03-01,1.1898,1.291,1.4031,1.1393,1.2395,1.3499
Ceara,2017-04-01,1.155,1.2761,1.3905,1.1071,1.226,1.3385
Ceara,2017-05-01,1.154,1.2714,1.3833,1.105,1.2203,1.3304
Ceara,2017-06-01,1.1444,1.2667,1.3811,1.0945,1.2145,1.3271
Ceara,2017-07-01,1.143,1.2521,1.3497,1.092,1.1993,1.2954
Ceara,2017-08-01,1.1131,1.2316,1.3237,1.0665,1.1825,1.277
Ceara,2017-09-01,1.0892,1.2056,1.2921,1.0431,1.1573,1.2603
Ceara,2017-10-01,1.0753,1.1862,1.2811,1.0296,1.1379,1.2399
Ceara,2017-11-01,1.0748,1.1821,1.2784,1.0294,1.1347,1.2343
Ceara,2017-12-01,1.0776,1.1835,1.2755,1.0372,1.1433,1.238
Ceara,2018-01-01,1.1082,1.214,1.3109,1.0566,1.1558,1.2631
Ceara,2018-02-01,1.1138,1.2361,1.3169,1.0683,1.189,1.2761
Ceara,2018-03-01,1.1587,1.2941,1.375,1.1081,1.2502,1.3211
Ceara,2018-04-01,1.1376,1.2775,1.3512,1.0922,1.23,1.3026
Ceara,2018-05-01,1.1843,1.2865,1.3562,1.1249,1.2255,1.2943
Ceara,2018-06-01,1.1776,1.3,1.3748,1.1162,1.2368,1.3105
Ceara,2018-07-01,1.2524,1.3456,1.4256,1.1883,1.2801,1.3589
Ceara,2018-08-01,1.3637,1.4668,1.5424,1.309,1.4105,1.4851
Ceara,2018-09-01,1.2973,1.4053,1.4699,1.2364,1.3428,1.4065
Ceara,2018-10-01,1.2972,1.4053,1.4725,1.2352,1.3417,1.408
Ceara,2018-11-01,1.2772,1.3929,1.4518,1.2141,1.3281,1.3861
Ceara,2018-12-01,1.3331,1.5222,1.59,1.2664,1.4358,1.4908
Ceara,2019-01-01,1.3611,1.3629,1.3569,1.2406,1.3144,1.3134
Ceara,2019-02-01,1.4009,1.3279,1.3195,1.2669,1.285,1.2823
Ceara,2019-03-01,1.2159,1.3717,1.3667,1.1122,1.259,1.2538
Ceara,2019-04-01,1.3251,1.3149,1.2988,1.1981,1.263,1.2577
Ceara,2019-05-01,1.3774,1.3425,1.3243,1.2546,1.2954,1.2882
Ceara,2019-06-01,1.4205,1.5297,1.608,1.3063,1.4168,1.4941
Ceara,2019-07-01,1.3993,1.3905,1.3787,1.2771,1.343,1.3409
Ceara,2019-08-01,1.3986,1.3992,NA,1.2899,1.3578,NA
Ceara,2019-09-01,1.284,1.4176,1.5089,1.2613,1.3753,1.4519
Ceara,2019-10-01,1.2846,1.4389,1.5344,1.2624,1.3973,1.4774
Ceara,2019-11-01,1.2941,1.4434,1.551,1.2703,1.4031,1.4966
Ceara,2019-12-01,NA,NA,NA,1.2617,1.4089,1.4978
Ceara,2020-01-01,NA,NA,NA,1.2629,1.4133,1.5034
Ceara,2020-02-01,NA,NA,NA,1.2553,1.3851,1.4768
Ceara,2020-03-01,NA,NA,NA,1.2529,1.3917,1.4676
Ceara,2020-04-01,NA,NA,NA,1.2589,1.3853,1.4802
Ceara,2020-05-01,NA,NA,NA,1.2658,1.3797,1.4626
Ceara,2020-06-01,NA,NA,NA,1.2881,1.4154,1.4936
Ceara,2020-07-01,NA,NA,NA,1.398,1.5203,1.5941
Ceara,2020-08-01,NA,NA,NA,NA,NA,NA
Ceara,2020-09-01,NA,NA,NA,NA,NA,NA
Ceara,2020-10-01,NA,NA,NA,NA,NA,NA
Ceara,2020-11-01,NA,NA,NA,NA,NA,NA
Ceara,2020-12-01,NA,NA,NA,NA,NA,NA
Ceara,2021-01-01,NA,NA,NA,NA,NA,NA
Ceara,2021-02-01,NA,NA,NA,NA,NA,NA
Ceara,2021-03-01,NA,NA,NA,NA,NA,NA
Ceara,2021-04-01,NA,NA,NA,NA,NA,NA
Ceara,2021-05-01,NA,NA,NA,NA,NA,NA
Ceara,2021-06-01,NA,NA,NA,NA,NA,NA
Ceara,2021-07-01,NA,NA,NA,NA,NA,NA
Espirito Santo,2016-01-01,0.9367,1.0771,1.1475,0.8451,0.9812,1.0488
Espirito Santo,2016-02-01,0.9774,1.1319,1.1927,0.8935,1.0482,1.104
Espirito Santo,2016-03-01,1.0079,1.1758,1.2346,0.9228,1.0887,1.1602
Espirito Santo,2016-04-01,1.0194,1.2099,1.2694,0.934,1.1203,1.1783
Espirito Santo,2016-05-01,1.116,1.2863,1.3821,0.946,1.1703,1.2837
Espirito Santo,2016-06-01,1.2315,1.4041,1.5287,1.1429,1.3119,1.434
Espirito Santo,2016-07-01,1.2837,1.476,1.5976,1.1964,1.3847,1.5039
Espirito Santo,2016-08-01,1.2658,1.455,1.5678,1.1789,1.3642,1.4747
Espirito Santo,2016-09-01,1.1643,1.39,1.5238,1.0784,1.2918,1.4389
Espirito Santo,2016-10-01,0.9882,1.2474,1.3379,0.925,1.155,1.2438
Espirito Santo,2016-11-01,1.0065,1.2029,1.319,0.9414,1.1138,1.2297
Espirito Santo,2016-12-01,0.9695,1.162,1.2701,0.8872,1.0705,1.1838
Espirito Santo,2017-01-01,1.0433,1.2068,1.2902,0.9542,1.1118,1.1988
Espirito Santo,2017-02-01,1.0759,1.231,1.3433,0.976,1.1281,1.2401
Espirito Santo,2017-03-01,1.1223,1.2779,1.407,1.0204,1.1729,1.3018
Espirito Santo,2017-04-01,1.1261,1.3191,1.4396,1.022,1.2111,1.3321
Espirito Santo,2017-05-01,1.1215,1.3052,1.3853,1.016,1.1954,1.2825
Espirito Santo,2017-06-01,1.0656,1.2629,1.3627,0.9909,1.183,1.2823
Espirito Santo,2017-07-01,1.0233,1.1586,1.2745,0.9592,1.1073,1.2062
Espirito Santo,2017-08-01,0.999,1.1651,1.2778,0.9114,1.074,1.1844
Espirito Santo,2017-09-01,0.9913,1.1802,1.2798,0.9033,1.0879,1.2268
Espirito Santo,2017-10-01,0.9901,1.1798,1.2823,0.9033,1.0887,1.231
Espirito Santo,2017-11-01,0.9897,1.1515,1.2366,0.9047,1.0628,1.1879
Espirito Santo,2017-12-01,0.9891,1.195,1.2504,0.8925,1.0959,1.1896
Espirito Santo,2018-01-01,0.9895,1.1627,1.2551,0.8686,1.05,1.1738
Espirito Santo,2018-02-01,1.0294,1.2359,1.3074,0.9076,1.1244,1.2266
Espirito Santo,2018-03-01,1.1108,1.2535,1.4026,0.9947,1.1343,1.2801
Espirito Santo,2018-04-01,1.1315,1.332,1.4586,1.023,1.2205,1.3453
Espirito Santo,2018-05-01,1.2865,1.3929,1.4741,1.1844,1.2892,1.3692
Espirito Santo,2018-06-01,1.41,1.5322,1.6035,1.2992,1.4206,1.4915
Espirito Santo,2018-07-01,1.4186,1.5519,1.6793,1.3072,1.4386,1.564
Espirito Santo,2018-08-01,1.4285,1.5788,1.742,1.3054,1.4535,1.6143
Espirito Santo,2018-09-01,1.3524,1.5344,1.5845,1.2325,1.4118,1.4602
Espirito Santo,2018-10-01,1.2414,1.379,1.5621,1.1313,1.2668,1.4472
Espirito Santo,2018-11-01,1.0533,1.253,1.3566,0.9517,1.1484,1.2504
Espirito Santo,2018-12-01,1.166,1.258,1.3629,1.0827,1.1746,1.2758
Espirito Santo,2019-01-01,1.3185,1.3671,1.4627,1.2292,1.2766,1.371
Espirito Santo,2019-02-01,1.323,1.3731,1.471,1.2335,1.2818,1.3781
Espirito Santo,2019-03-01,1.3211,1.3693,1.4714,1.2321,1.2794,1.38
Espirito Santo,2019-04-01,1.329,1.4636,1.6609,1.2352,1.3613,1.5511
Espirito Santo,2019-05-01,1.3283,1.3812,1.4749,1.2383,1.2887,1.3823
Espirito Santo,2019-06-01,1.2219,1.3142,NA,1.1239,1.2127,NA
Espirito Santo,2019-07-01,1.3163,1.359,1.4735,1.2274,1.2684,1.3817
Espirito Santo,2019-08-01,1.32,1.3672,1.4738,1.2305,1.2753,1.3812
Espirito Santo,2019-09-01,1.2508,1.3068,1.3937,1.1617,1.2146,1.3024
Espirito Santo,2019-10-01,1.2522,1.3081,1.3893,1.1634,1.216,1.2992
Espirito Santo,2019-11-01,1.2511,1.2977,1.3932,1.1634,1.2088,1.3027
Espirito Santo,2019-12-01,NA,NA,NA,1.1656,1.2152,1.2907
Espirito Santo,2020-01-01,NA,NA,NA,1.1679,1.2322,1.3244
Espirito Santo,2020-02-01,NA,NA,NA,1.2328,1.2941,1.3983
Espirito Santo,2020-03-01,NA,NA,NA,1.232,1.2777,1.3773
Espirito Santo,2020-04-01,NA,NA,NA,1.2244,1.2861,NA
Espirito Santo,2020-05-01,NA,NA,NA,1.387,1.4468,1.5911
Espirito Santo,2020-06-01,NA,NA,NA,1.5152,1.5849,1.7415
Espirito Santo,2020-07-01,NA,NA,NA,1.6391,1.7445,1.8753
Espirito Santo,2020-08-01,NA,NA,NA,1.8523,1.9469,NA
Espirito Santo,2020-09-01,NA,NA,NA,1.8696,1.9822,NA
Espirito Santo,2020-10-01,NA,NA,NA,1.8117,1.8844,NA
Espirito Santo,2020-11-01,NA,NA,NA,1.8321,1.9169,2.0187
Espirito Santo,2020-12-01,NA,NA,NA,1.8437,1.9379,NA
Espirito Santo,2021-01-01,NA,NA,NA,1.8072,1.9037,NA
Espirito Santo,2021-02-01,NA,NA,NA,1.7701,1.8883,1.9873
Espirito Santo,2021-03-01,NA,NA,NA,1.7216,1.8657,1.976
Espirito Santo,2021-04-01,NA,NA,NA,1.7629,1.9084,NA
Espirito Santo,2021-05-01,NA,NA,NA,1.9185,1.9494,2.0357
Espirito Santo,2021-06-01,NA,NA,NA,1.9931,2.0954,2.2575
Espirito Santo,2021-07-01,NA,NA,NA,2.053,2.147,NA
Espirito Santo,2021-08-01,NA,NA,NA,2.1118,2.2017,NA
Espirito Santo,2021-09-01,NA,NA,NA,2.0084,2.1539,NA
Espirito Santo,2021-10-01,NA,NA,NA,1.8238,1.919,NA
Espirito Santo,2021-11-01,NA,NA,NA,1.8322,1.9243,NA
Espirito Santo,2021-12-01,NA,NA,NA,1.6649,1.8304,1.9568
Espirito Santo,2022-01-01,NA,NA,NA,1.6803,1.8296,NA
Espirito Santo,2022-02-01,NA,NA,NA,1.6835,1.8011,NA
Espirito Santo,2022-03-01,NA,NA,NA,1.9744,2.0686,NA
Espirito Santo,2022-04-01,NA,NA,NA,2.2339,2.3584,2.4247
Espirito Santo,2022-05-01,NA,NA,NA,2.397,2.4963,NA
Espirito Santo,2022-06-01,NA,NA,NA,2.5609,2.6239,NA
Espirito Santo,2022-07-01,NA,NA,NA,3.03,3.167,NA
Espirito Santo,2022-08-01,NA,NA,NA,NA,3.4354,NA
Espirito Santo,2022-09-01,NA,NA,NA,NA,3.0387,NA
Espirito Santo,2022-11-01,NA,NA,NA,NA,2.748,NA
Espirito Santo,2022-12-01,NA,NA,NA,NA,2.4285,NA
Espirito Santo,2023-01-01,NA,NA,NA,NA,2.4,NA
Espirito Santo,2023-02-01,NA,NA,NA,NA,2.5029,NA
Espirito Santo,2023-03-01,NA,NA,NA,NA,2.5902,NA
Espirito Santo,2023-04-01,NA,NA,NA,NA,2.7618,NA
Espirito Santo,2023-05-01,NA,NA,NA,NA,2.7395,NA
Espirito Santo,2023-06-01,NA,NA,NA,NA,2.5794,NA
Espirito Santo,2023-07-01,NA,NA,NA,NA,2.4058,NA
Espirito Santo,2023-08-01,NA,NA,NA,NA,2.3024,NA
Espirito Santo,2023-09-01,NA,NA,NA,NA,2.1732,NA
Espirito Santo,2023-10-01,NA,NA,NA,NA,1.9719,NA
Espirito Santo,2023-11-01,NA,NA,NA,NA,1.8702,NA
Espirito Santo,2023-12-01,NA,NA,NA,NA,1.8584,NA
Espirito Santo,2024-01-01,NA,NA,NA,NA,1.8909,NA
Espirito Santo,2024-02-01,NA,NA,NA,NA,1.9773,NA
Espirito Santo,2024-03-01,NA,NA,NA,NA,2.0734,NA
Espirito Santo,2024-04-01,NA,NA,NA,NA,2.1768,NA
Espirito Santo,2024-05-01,NA,NA,NA,NA,2.3822,NA
Espirito Santo,2024-06-01,NA,NA,NA,NA,2.6061,NA
Espirito Santo,2024-07-01,NA,NA,NA,NA,2.6529,NA
Espirito Santo,2024-08-01,NA,NA,NA,NA,2.6528,NA
Espirito Santo,2024-09-01,NA,NA,NA,NA,2.7105,NA
Espirito Santo,2024-10-01,NA,NA,NA,NA,2.8059,NA
Espirito Santo,2024-11-01,NA,NA,NA,NA,2.7797,NA
Espirito Santo,2024-12-01,NA,NA,NA,NA,2.5229,NA
Espirito Santo,2025-01-01,NA,NA,NA,NA,2.4594,NA
Espirito Santo,2025-02-01,NA,NA,NA,NA,2.5579,NA
Espirito Santo,2025-03-01,NA,NA,NA,NA,2.6594,NA
Espirito Santo,2025-04-01,NA,NA,NA,NA,2.7835,NA
Espirito Santo,2025-05-01,NA,NA,NA,NA,2.6314,NA
Espirito Santo,2025-06-01,NA,NA,NA,NA,2.6074,NA
Espirito Santo,2025-07-01,NA,NA,NA,NA,2.5992,NA
Espirito Santo,2025-08-01,NA,NA,NA,NA,2.5036,NA
Espirito Santo,2025-09-01,NA,NA,NA,NA,2.5532,NA
Espirito Santo,2025-10-01,NA,NA,NA,NA,2.2424,NA
Espirito Santo,2025-11-01,NA,NA,NA,NA,2.017,NA
Espirito Santo,2025-12-01,NA,NA,NA,NA,1.9564,NA
Espirito Santo,2026-01-01,NA,NA,NA,NA,1.9263,NA
Espirito Santo,2026-02-01,NA,NA,NA,NA,1.9865,NA
Espirito Santo,2026-03-01,NA,NA,NA,NA,2.0555,NA
Espirito Santo,2026-04-01,NA,NA,NA,NA,2.2934,NA
Goias,2016-01-01,0.97,1.1132,1.183,0.86240000000000006,1.0025,1.0702
Goias,2016-02-01,1.0643,1.2085,1.2707,0.9536,1.0948,1.1557
Goias,2016-03-01,1.1082,1.2833,1.3439,0.9697,1.165,1.2244
Goias,2016-04-01,1.1416,1.3365,1.3904,1.0154,1.2134,1.2663
Goias,2016-05-01,1.1662,1.4089,1.4715,1.0327,1.2774,1.3387
Goias,2016-06-01,1.2791,1.6073,1.6863,1.1538,1.4749,1.5519
Goias,2016-07-01,1.4446,1.7764,1.8717,1.3159,1.6376,1.734
Goias,2016-08-01,1.3993,1.706,1.7793,1.2738,1.5757,1.6457
Goias,2016-09-01,1.2003,1.5039,1.5755,1.0828,1.3798,1.4499
Goias,2016-10-01,1.0684,1.2915,1.3931,0.9567,1.1754,1.2743
Goias,2016-11-01,1.0305,1.2447,1.3551,0.9172,1.1272,1.2354
Goias,2016-12-01,1.0398,1.2501,1.3584,0.9263,1.1324,1.2386
Goias,2017-01-01,1.0558,1.2836,1.3907,0.943,1.166,1.2712
Goias,2017-02-01,1.1012,1.2936,1.4083,0.984,1.173,1.2851
Goias,2017-03-01,1.1287,1.3287,1.4546,1.0113,1.2077,1.3306
Goias,2017-04-01,1.1435,1.3283,1.4453,1.024,1.2057,1.3203
Goias,2017-05-01,1.1408,1.3247,1.4493,1.02,1.2008,1.3223
Goias,2017-06-01,1.0876,1.2768,1.3904,0.9722,1.1413,1.2688
Goias,2017-07-01,1.0201,1.1872,1.336,0.9001,1.0704,1.2146
Goias,2017-08-01,0.9795,1.1324,1.3021,0.8603,1.0132,1.1754
Goias,2017-09-01,0.8986,1.0514,1.2342,0.7787,0.9318,1.1183
Goias,2017-10-01,0.8817,1.0467,1.2284,0.7646,0.9294,1.109
Goias,2017-11-01,0.8887,1.0484,1.2191,0.7715,0.9313,1.1
Goias,2017-12-01,0.8746,1.0261,1.2074,0.7542,0.9052,1.0954
Goias,2018-01-01,0.9047,1.0621,1.2413,0.7916,0.9511,1.1292
Goias,2018-02-01,0.9615,1.1866,1.3748,0.85,1.0756,1.2659
Goias,2018-03-01,1.1659,1.3015,1.47,1.0704,1.1802,1.3462
Goias,2018-04-01,1.2492,1.3962,1.5611,1.126,1.2708,1.4333
Goias,2018-05-01,1.3295,1.4472,1.5765,1.2114,1.3273,1.4547
Goias,2018-06-01,1.5226,1.6665,1.8205,1.3997,1.5415,1.6932
Goias,2018-07-01,1.6362,1.7875,1.9852,1.5205,1.6695,1.8643
Goias,2018-08-01,1.4662,1.66,1.8746,1.3509,1.5419,1.7533
Goias,2018-09-01,1.3923,1.5877,1.7641,1.2799,1.4724,1.6462
Goias,2018-10-01,1.2665,1.4567,1.6329,1.1621,1.3494,1.5231
Goias,2018-11-01,1.1514,1.3092,1.44,1.0365,1.192,1.3208
Goias,2018-12-01,1.1681,1.3778,1.4917,1.0781,1.2652,1.3736
Goias,2019-01-01,1.4082,1.5749,1.6976,1.3116,1.457,1.5757
Goias,2019-02-01,1.4453,1.6214,1.7404,1.3482,1.5068,1.6241
Goias,2019-03-01,1.4319,1.6211,1.7749,1.3292,1.5005,1.6426
Goias,2019-04-01,1.5019,1.663,1.7861,1.381,1.5356,1.6599
Goias,2019-05-01,1.4656,1.6507,1.7885,1.3588,1.5292,1.6607
Goias,2019-06-01,1.3049,1.4714,1.6043,1.1878,1.3473,1.479
Goias,2019-07-01,1.2612,1.4433,1.5584,1.1591,1.3288,1.439
Goias,2019-08-01,1.3004,1.4674,1.5837,1.1905,1.352,1.4683
Goias,2019-09-01,1.3151,1.4798,1.5944,1.2082,1.3673,1.4807
Goias,2019-10-01,1.2023,1.4484,1.5754,1.1059,1.3374,1.4559
Goias,2019-11-01,1.2003,1.445,1.5598,1.104,1.3366,1.4485
Goias,2019-12-01,NA,NA,NA,1.1365,1.3674,1.4637
Goias,2020-01-01,NA,NA,NA,1.1797,1.3941,1.5124
Goias,2020-02-01,NA,NA,NA,1.2093,1.414,1.5445
Goias,2020-03-01,NA,NA,NA,1.2366,1.428,1.5568
Goias,2020-04-01,NA,NA,NA,1.2474,1.3741,1.4892
Goias,2020-05-01,NA,NA,NA,1.4014,1.5372,1.637
Goias,2020-06-01,NA,NA,NA,1.6619,1.8138,1.9171
Goias,2020-07-01,NA,NA,NA,1.9111,2.0565,2.1128
Goias,2020-08-01,NA,NA,NA,2.096,2.2541,2.3302
Goias,2020-09-01,NA,NA,NA,2.1198,2.2571,2.3129
Goias,2020-10-01,NA,NA,NA,1.9865,2.1478,2.22
Goias,2020-11-01,NA,NA,NA,2.0221,2.2199,2.3325
Goias,2020-12-01,NA,NA,NA,1.8746,2.0492,2.1942
Goias,2021-01-01,NA,NA,NA,1.8323,2.0268,2.1762
Goias,2021-02-01,NA,NA,NA,1.7325,1.939,2.1068
Goias,2021-03-01,NA,NA,NA,1.7886,1.9819,2.1477
Goias,2021-04-01,NA,NA,NA,1.8821,2.0651,2.199
Goias,2021-05-01,NA,NA,NA,2.1061,2.262,2.3664
Goias,2021-06-01,NA,NA,NA,1.9702,2.322,2.4638
Goias,2021-07-01,NA,NA,NA,1.9746,2.3672,2.506
Goias,2021-08-01,NA,NA,NA,2.0854,2.413,2.5159
Goias,2021-09-01,NA,NA,NA,2.031,2.3518,2.4568
Goias,2021-10-01,NA,NA,NA,1.8426,2.2185,2.2903
Goias,2021-11-01,NA,NA,NA,1.7547,2.1255,2.2455
Goias,2021-12-01,NA,NA,NA,1.7366,2.1026,2.227
Goias,2022-01-01,NA,NA,NA,1.7542,2.1207,2.2451
Goias,2022-02-01,NA,NA,NA,1.8828,2.2382,2.365
Goias,2022-03-01,NA,NA,NA,2.144,2.5037,2.6398
Goias,2022-04-01,NA,NA,NA,2.1929,2.589,2.7085
Goias,2022-05-01,NA,NA,NA,2.3744,2.731,2.846
Goias,2022-06-01,NA,NA,NA,2.8176,3.3575,3.4925
Goias,2022-07-01,NA,NA,NA,3.3077,3.7144,3.8333
Goias,2022-08-01,NA,NA,NA,NA,3.2445,NA
Goias,2022-09-01,NA,NA,NA,NA,3.0398,NA
Goias,2022-10-01,NA,NA,NA,NA,2.8366,NA
Goias,2022-11-01,NA,NA,NA,NA,2.6803,NA
Goias,2022-12-01,NA,NA,NA,NA,2.6907,NA
Goias,2023-01-01,NA,NA,NA,NA,2.874,NA
Goias,2023-02-01,NA,NA,NA,NA,2.8807,NA
Goias,2023-03-01,NA,NA,NA,NA,2.9469,NA
Goias,2023-04-01,NA,NA,NA,NA,3.0244,NA
Goias,2023-05-01,NA,NA,NA,NA,2.8105,NA
Goias,2023-06-01,NA,NA,NA,NA,2.6548,NA
Goias,2023-07-01,NA,NA,NA,NA,2.5736,NA
Goias,2023-08-01,NA,NA,NA,NA,2.2233,NA
Goias,2023-09-01,NA,NA,NA,NA,1.9922,NA
Goias,2023-10-01,NA,NA,NA,NA,1.9775,NA
Goias,2023-11-01,NA,NA,NA,NA,1.9812,NA
Goias,2023-12-01,NA,NA,NA,NA,1.9942,NA
Goias,2024-01-01,NA,NA,NA,NA,2.1322,NA
Goias,2024-02-01,NA,NA,NA,NA,2.2383,NA
Goias,2024-03-01,NA,NA,NA,NA,2.3638,NA
Goias,2024-04-01,NA,NA,NA,NA,2.4576,NA
Goias,2024-05-01,NA,NA,NA,NA,2.7519,NA
Goias,2024-06-01,NA,NA,NA,NA,2.7774,NA
Goias,2024-07-01,NA,NA,NA,NA,2.7276,NA
Goias,2024-08-01,NA,NA,NA,NA,2.7271,NA
Goias,2024-09-01,NA,NA,NA,NA,2.8093,NA
Goias,2024-10-01,NA,NA,NA,NA,2.727,NA
Goias,2024-11-01,NA,NA,NA,NA,2.529,NA
Goias,2024-12-01,NA,NA,NA,NA,2.4649,NA
Goias,2025-01-01,NA,NA,NA,NA,2.5441,NA
Goias,2025-02-01,NA,NA,NA,NA,2.6988,NA
Goias,2025-03-01,NA,NA,NA,NA,2.7081,NA
Goias,2025-04-01,NA,NA,NA,NA,2.5818,NA
Goias,2025-05-01,NA,NA,NA,NA,2.4718,NA
Goias,2025-06-01,NA,NA,NA,NA,2.5274,NA
Goias,2025-07-01,NA,NA,NA,NA,2.5381,NA
Goias,2025-08-01,NA,NA,NA,NA,2.4378,NA
Goias,2025-09-01,NA,NA,NA,NA,2.3426,NA
Goias,2025-10-01,NA,NA,NA,NA,2.2103,NA
Goias,2025-11-01,NA,NA,NA,NA,2.0171,NA
Goias,2025-12-01,NA,NA,NA,NA,1.8761,NA
Goias,2026-01-01,NA,NA,NA,NA,1.9193,NA
Goias,2026-02-01,NA,NA,NA,NA,2.1037,NA
Goias,2026-03-01,NA,NA,NA,NA,2.3391,NA
Goias,2026-04-01,NA,NA,NA,NA,2.5894,NA
Mato Grosso do Sul,2016-01-01,0.8331,0.9619,1.0769,0.7105,0.8364,0.9495
Mato Grosso do Sul,2016-02-01,0.8507,0.993,1.1005,0.7298,0.8689,0.974
Mato Grosso do Sul,2016-03-01,0.8766,1.0371,1.1409,0.753,0.9099,1.015
Mato Grosso do Sul,2016-04-01,0.9062,1.0832,1.1821,0.7815,0.9544,1.055
Mato Grosso do Sul,2016-05-01,0.9362,1.1015,1.1952,0.8134,0.9765,1.0842
Mato Grosso do Sul,2016-06-01,1.0704,1.248,1.3518,0.9384,1.1137,1.231
Mato Grosso do Sul,2016-07-01,1.1142,1.3178,1.4388,0.9842,1.185,1.3015
Mato Grosso do Sul,2016-08-01,1.0792,1.2803,1.4285,0.9495,1.1466,1.2913
Mato Grosso do Sul,2016-09-01,1.034,1.1963,1.3103,0.9121,1.0724,1.1829
Mato Grosso do Sul,2016-10-01,0.9657,1.1403,1.2747,0.8442,1.0162,1.1462
Mato Grosso do Sul,2016-11-01,0.9669,1.1166,1.2614,0.8442,0.9916,1.132
Mato Grosso do Sul,2016-12-01,0.9511,1.1275,1.2373,0.8271,1.0008,1.1069
Mato Grosso do Sul,2017-01-01,0.9777,1.1437,1.287,0.8522,1.016,1.1543
Mato Grosso do Sul,2017-02-01,0.9801,1.1556,1.2829,0.8554,1.0284,1.1515
Mato Grosso do Sul,2017-03-01,1.045,1.2332,1.4148,0.8837,1.0699,1.2452
Mato Grosso do Sul,2017-04-01,1.1022,1.2864,1.4768,0.9472,1.1297,1.3134
Mato Grosso do Sul,2017-05-01,1.1346,1.3428,1.4769,0.9737,1.1797,1.3083
Mato Grosso do Sul,2017-06-01,1.102,1.2929,1.4219,0.9459,1.1347,1.2545
Mato Grosso do Sul,2017-07-01,1.01,1.1807,1.2967,0.8503,1.0172,1.1306
Mato Grosso do Sul,2017-08-01,0.9366,1.1152,1.2655,0.7772,0.9518,1.0987
Mato Grosso do Sul,2017-09-01,0.8804,1.0447,1.2264,0.7206,0.884,1.0599
Mato Grosso do Sul,2017-10-01,0.8665,1.0194,1.1705,0.7065,0.8574,1.0036
Mato Grosso do Sul,2017-11-01,0.8504,1.0077,1.1397,0.6974,0.8532,0.9808
Mato Grosso do Sul,2017-12-01,0.8312,0.9653,1.0981,0.7059,0.8397,0.9688
Mato Grosso do Sul,2018-01-01,0.8232,0.9727,1.0987,0.679,0.8455,0.9498
Mato Grosso do Sul,2018-02-01,0.9112,1.0239,1.118,0.7566,0.852,0.9604
Mato Grosso do Sul,2018-03-01,0.9348,1.1277,1.2377,0.7915,0.9816,1.09
Mato Grosso do Sul,2018-04-01,0.984,1.1472,1.2813,0.8489,1.0096,1.142
Mato Grosso do Sul,2018-05-01,1.0242,1.2238,1.2993,0.9246,1.0867,1.2075
Mato Grosso do Sul,2018-06-01,1.2065,1.4474,1.5857,1.0724,1.3097,1.4466
Mato Grosso do Sul,2018-07-01,1.3108,1.5521,1.6144,1.1553,1.393,1.4544
Mato Grosso do Sul,2018-08-01,1.2933,1.3873,1.5688,1.0816,1.2416,1.4204
Mato Grosso do Sul,2018-09-01,1.1927,1.382,1.4516,1.0464,1.2328,1.3014
Mato Grosso do Sul,2018-10-01,1.1464,1.2951,1.4008,1.0122,1.1586,1.2628
Mato Grosso do Sul,2018-11-01,1.0599,1.1745,1.3477,0.9203,1.0332,1.2039
Mato Grosso do Sul,2018-12-01,1.0055,1.1108,1.2358,0.8871,0.9841,1.0885
Mato Grosso do Sul,2019-01-01,1.141,1.19,NA,1.1052,1.1579,NA
Mato Grosso do Sul,2019-02-01,1.1824,1.212,NA,1.1455,1.1799,NA
Mato Grosso do Sul,2019-03-01,1.1991,1.2345,NA,1.1627,1.2037,NA
Mato Grosso do Sul,2019-04-01,1.1894,1.2212,NA,1.1554,1.1898,NA
Mato Grosso do Sul,2019-05-01,1.2015,1.2332,NA,1.1591,1.1852,NA
Mato Grosso do Sul,2019-06-01,1.1033,1.206,NA,1.0784,1.135,NA
Mato Grosso do Sul,2019-07-01,1.172,1.2222,NA,1.1285,1.1683,NA
Mato Grosso do Sul,2019-08-01,1.2824,1.3155,NA,1.2381,1.26,NA
Mato Grosso do Sul,2019-09-01,1.2959,1.3321,NA,1.2505,1.2757,NA
Mato Grosso do Sul,2019-10-01,1.3056,1.3473,NA,1.2513,1.2815,NA
Mato Grosso do Sul,2019-11-01,1.3087,1.35,NA,1.2563,1.2885,NA
Mato Grosso do Sul,2019-12-01,NA,NA,NA,1.2151,1.2641,NA
Mato Grosso do Sul,2020-01-01,NA,NA,NA,1.1782,1.2785,NA
Mato Grosso do Sul,2020-02-01,NA,NA,NA,1.254,1.324,NA
Mato Grosso do Sul,2020-03-01,NA,NA,NA,1.2682,1.3148,NA
Mato Grosso do Sul,2020-04-01,NA,NA,NA,NA,NA,NA
Mato Grosso do Sul,2020-05-01,NA,NA,NA,1.2884,1.3453,NA
Mato Grosso do Sul,2020-06-01,NA,NA,NA,1.4849,1.5221,NA
Mato Grosso do Sul,2020-07-01,NA,NA,NA,1.7056,1.7342,NA
Mato Grosso do Sul,2020-08-01,NA,NA,NA,1.8915,1.9357,NA
Mato Grosso do Sul,2020-09-01,NA,NA,NA,1.8585,1.9183,NA
Mato Grosso do Sul,2020-10-01,NA,NA,NA,1.646,1.742,NA
Mato Grosso do Sul,2020-11-01,NA,NA,NA,1.6967,1.8067,NA
Mato Grosso do Sul,2020-12-01,NA,NA,NA,1.6922,1.8198,NA
Mato Grosso do Sul,2021-01-01,NA,NA,NA,1.5228,1.6513,NA
Mato Grosso do Sul,2021-02-01,NA,NA,NA,1.5391,1.6681,NA
Mato Grosso do Sul,2021-03-01,NA,NA,NA,1.5453,1.6908,NA
Mato Grosso do Sul,2021-04-01,NA,NA,NA,1.6431,1.7641,NA
Mato Grosso do Sul,2021-05-01,NA,NA,NA,1.8968,1.9992,NA
Mato Grosso do Sul,2021-06-01,NA,NA,NA,2.0074,2.1003,NA
Mato Grosso do Sul,2021-07-01,NA,NA,NA,2.0751,2.1646,NA
Mato Grosso do Sul,2021-08-01,NA,NA,NA,2.0979,2.2129,NA
Mato Grosso do Sul,2021-09-01,NA,NA,NA,1.9568,2.0652,NA
Mato Grosso do Sul,2021-10-01,NA,NA,NA,NA,NA,NA
Mato Grosso do Sul,2021-11-01,NA,NA,NA,1.7053,1.8507,NA
Mato Grosso do Sul,2021-12-01,NA,NA,NA,NA,NA,NA
Mato Grosso do Sul,2022-01-01,NA,NA,NA,NA,NA,NA
Media Brasil,2016-01-01,0.9408,1.0967,1.1967,0.8459,0.9981,1.0976
Media Brasil,2016-02-01,0.9924,1.1451,1.2426,0.8968,1.0456,1.1407
Media Brasil,2016-03-01,1.0467,1.2106,1.3091,0.9413,1.1068,1.2031
Media Brasil,2016-04-01,1.0931,1.2654,1.3629,0.9883,1.1571,1.2532
Media Brasil,2016-05-01,1.1388,1.3276,1.4347,1.0305,1.2165,1.321
Media Brasil,2016-06-01,1.2665,1.4994,1.6227,1.1601,1.3813,1.5132
Media Brasil,2016-07-01,1.4404,1.6928,1.8298,1.3301,1.5768,1.7111
Media Brasil,2016-08-01,1.4074,1.6377,1.7792,1.298,1.5257,1.6622
Media Brasil,2016-09-01,1.2802,1.506,1.6559,1.1752,1.3961,1.5414
Media Brasil,2016-10-01,1.1361,1.3413,1.4924,1.0342,1.2331,1.3793
Media Brasil,2016-11-01,1.1014,1.2982,1.4521,1,1.191,1.3396
Media Brasil,2016-12-01,1.0936,1.2958,1.449,0.9922,1.1885,1.3373
Media Brasil,2017-01-01,1.1168,1.3219,1.4761,1.0161,1.2152,1.3641
Media Brasil,2017-02-01,1.1485,1.3409,1.497,1.0453,1.2326,1.3832
Media Brasil,2017-03-01,1.1775,1.3688,1.5189,1.0732,1.2584,1.4042
Media Brasil,2017-04-01,1.1981,1.3851,1.5334,1.0928,1.2735,1.4188
Media Brasil,2017-05-01,1.1678,1.3806,1.534,1.0614,1.2688,1.4194
Media Brasil,2017-06-01,1.1414,1.3448,1.4847,1.0364,1.2343,1.3723
Media Brasil,2017-07-01,1.0764,1.2608,1.404,0.9859,1.1555,1.2974
Media Brasil,2017-08-01,1.0025,1.189,1.3371,0.9052,1.0843,1.2275
Media Brasil,2017-09-01,0.9286,1.1076,1.2499,0.8407,1.0052,1.1594
Media Brasil,2017-10-01,0.9179,1.104,1.244,0.8301,1.0003,1.1396
Media Brasil,2017-11-01,0.9267,1.1035,1.2442,0.8372,1.0006,1.139
Media Brasil,2017-12-01,0.9113,1.0874,1.2325,0.8215,0.9832,1.1283
Media Brasil,2018-01-01,0.9292,1.1199,1.2765,0.8434,1.0204,1.1761
Media Brasil,2018-02-01,0.9593,1.1751,1.3341,0.8689,1.0745,1.2327
Media Brasil,2018-03-01,1.1129,1.2662,1.4116,1.0081,1.1574,1.2997
Media Brasil,2018-04-01,1.213,1.3709,1.5179,1.099,1.2545,1.3991
Media Brasil,2018-05-01,1.2729,1.4088,1.5396,1.1628,1.296,1.4249
Media Brasil,2018-06-01,1.4354,1.5931,1.7286,1.323,1.4781,1.6118
Media Brasil,2018-07-01,1.4763,1.6589,1.825,1.3673,1.5466,1.7103
Media Brasil,2018-08-01,1.3902,1.5864,1.7644,1.2816,1.4748000000000001,1.6501
Media Brasil,2018-09-01,1.3534,1.549,1.7151,1.2474,1.4401,1.6039
Media Brasil,2018-10-01,1.2722,1.4653,1.6244,1.172,1.3624,1.5191
Media Brasil,2018-11-01,1.1743,1.3413,1.4953,1.0698,1.2344,1.3861
Media Brasil,2018-12-01,1.138,1.3782,1.5204,1.0553,1.2836,1.4297
Media Brasil,2019-01-01,1.2999,1.5151,1.6367,1.2154,1.4146,1.5337
Media Brasil,2019-02-01,1.3652,1.5813,1.6977,1.2775,1.4784,1.5937
Media Brasil,2019-03-01,1.3852,1.5954,1.7047,1.2949,1.492,1.5992
Media Brasil,2019-04-01,1.4183,1.6213,1.7265,1.326,1.5175,1.622
Media Brasil,2019-05-01,1.4305,1.6309,1.7429,1.3391,1.5278,1.6379
Media Brasil,2019-06-01,1.2927,1.5058,1.6272,1.2039,1.4064,1.526
Media Brasil,2019-07-01,1.2609,1.4464,1.5594,1.1729,1.3466,1.4539
Media Brasil,2019-08-01,1.2856,1.4732,1.5877,1.1974,1.3728,1.4821
Media Brasil,2019-09-01,1.278,1.4654,1.5791,1.1908,1.3635,1.4687
Media Brasil,2019-10-01,1.2633,1.4502,1.5564,1.1767,1.3493,1.4499
Media Brasil,2019-11-01,1.2557,1.452,1.5607,1.1734,1.3535,1.4523
Media Brasil,2019-12-01,NA,NA,NA,1.193,1.3683,1.4709
Media Brasil,2020-01-01,NA,NA,NA,1.2289,1.4175,1.5387
Media Brasil,2020-02-01,NA,NA,NA,1.2545,1.4376,1.5686
Media Brasil,2020-03-01,NA,NA,NA,1.2686,1.4515,1.5691
Media Brasil,2020-04-01,NA,NA,NA,1.2261,1.3783,1.4923
Media Brasil,2020-05-01,NA,NA,NA,1.3561,1.5135,1.6231
Media Brasil,2020-06-01,NA,NA,NA,1.5791,1.7573,1.88
Media Brasil,2020-07-01,NA,NA,NA,1.7637,1.9426,2.0446
Media Brasil,2020-08-01,NA,NA,NA,1.9391,2.1319,2.2599
Media Brasil,2020-09-01,NA,NA,NA,1.9661,2.1586,2.2704
Media Brasil,2020-10-01,NA,NA,NA,1.8529,2.0434,2.1526
Media Brasil,2020-11-01,NA,NA,NA,1.9139,2.1262,2.2612
Media Brasil,2020-12-01,NA,NA,NA,1.8281,2.0344,2.1828
Media Brasil,2021-01-01,NA,NA,NA,1.7758,1.9889,2.1504
Media Brasil,2021-02-01,NA,NA,NA,1.7245,1.9384,2.0704
Media Brasil,2021-03-01,NA,NA,NA,1.7657,1.9837,2.1613
Media Brasil,2021-04-01,NA,NA,NA,1.8217,2.0364,2.1923
Media Brasil,2021-05-01,NA,NA,NA,1.99,2.201,2.3435
Media Brasil,2021-06-01,NA,NA,NA,2.0523,2.3108,2.4577
Media Brasil,2021-07-01,NA,NA,NA,2.0913,2.3595,2.5043
Media Brasil,2021-08-01,NA,NA,NA,2.1218,2.3827,2.5212
Media Brasil,2021-09-01,NA,NA,NA,2.0704,2.3305,2.4653
Media Brasil,2021-10-01,NA,NA,NA,1.918,2.1857,2.3194
Media Brasil,2021-11-01,NA,NA,NA,1.8385,2.121,2.284
Media Brasil,2021-12-01,NA,NA,NA,1.8241,2.1093,2.2673
Media Brasil,2022-01-01,NA,NA,NA,1.8636,2.1397,2.2984
Media Brasil,2022-02-01,NA,NA,NA,1.9517,2.2104,2.3746
Media Brasil,2022-03-01,NA,NA,NA,2.1561,2.4269,2.5895
Media Brasil,2022-04-01,NA,NA,NA,2.2549,2.5444,2.6962
Media Brasil,2022-05-01,NA,NA,NA,2.4002,2.6801,2.8279
Media Brasil,2022-06-01,NA,NA,NA,2.8361,3.1932,3.3728
Media Brasil,2022-07-01,NA,NA,NA,3.1747,3.5707,3.7717
Media Brasil,2022-08-01,NA,NA,NA,NA,3.0476,NA
Media Brasil,2022-09-01,NA,NA,NA,NA,2.8481,NA
Media Brasil,2022-10-01,NA,NA,NA,NA,2.6967,NA
Media Brasil,2022-11-01,NA,NA,NA,NA,2.5287,NA
Media Brasil,2022-12-01,NA,NA,NA,NA,2.5214,NA
Media Brasil,2023-01-01,NA,NA,NA,NA,2.6619,NA
Media Brasil,2023-02-01,NA,NA,NA,NA,2.7276,NA
Media Brasil,2023-03-01,NA,NA,NA,NA,2.812,NA
Media Brasil,2023-04-01,NA,NA,NA,NA,2.8961,NA
Media Brasil,2023-05-01,NA,NA,NA,NA,2.7229,NA
Media Brasil,2023-06-01,NA,NA,NA,NA,2.5568,NA
Media Brasil,2023-07-01,NA,NA,NA,NA,2.4142,NA
Media Brasil,2023-08-01,NA,NA,NA,NA,2.25,NA
Media Brasil,2023-09-01,NA,NA,NA,NA,2.0509,NA
Media Brasil,2023-10-01,NA,NA,NA,NA,1.9675,NA
Media Brasil,2023-11-01,NA,NA,NA,NA,1.9981,NA
Media Brasil,2023-12-01,NA,NA,NA,NA,2.0335,NA
Media Brasil,2024-01-01,NA,NA,NA,NA,2.1347,NA
Media Brasil,2024-02-01,NA,NA,NA,NA,2.2347,NA
Media Brasil,2024-03-01,NA,NA,NA,NA,2.329,NA
Media Brasil,2024-04-01,NA,NA,NA,NA,2.4576,NA
Media Brasil,2024-05-01,NA,NA,NA,NA,2.7114,NA
Media Brasil,2024-06-01,NA,NA,NA,NA,2.7524,NA
Media Brasil,2024-07-01,NA,NA,NA,NA,2.7225,NA
Media Brasil,2024-08-01,NA,NA,NA,NA,2.7607,NA
Media Brasil,2024-09-01,NA,NA,NA,NA,2.8657,NA
Media Brasil,2024-10-01,NA,NA,NA,NA,2.8065,NA
Media Brasil,2024-11-01,NA,NA,NA,NA,2.6374,NA
Media Brasil,2024-12-01,NA,NA,NA,NA,2.5805,NA
Media Brasil,2025-01-01,NA,NA,NA,NA,2.6491,NA
Media Brasil,2025-02-01,NA,NA,NA,NA,2.7734,NA
Media Brasil,2025-03-01,NA,NA,NA,NA,2.8241,NA
Media Brasil,2025-04-01,NA,NA,NA,NA,2.7415,NA
Media Brasil,2025-05-01,NA,NA,NA,NA,2.6431,NA
Media Brasil,2025-06-01,NA,NA,NA,NA,2.6474,NA
Media Brasil,2025-07-01,NA,NA,NA,NA,2.6236,NA
Media Brasil,2025-08-01,NA,NA,NA,NA,2.5369,NA
Media Brasil,2025-09-01,NA,NA,NA,NA,2.441,NA
Media Brasil,2025-10-01,NA,NA,NA,NA,2.2996,NA
Media Brasil,2025-11-01,NA,NA,NA,NA,2.1122,NA
Media Brasil,2025-12-01,NA,NA,NA,NA,1.9966,NA
Media Brasil,2026-01-01,NA,NA,NA,NA,2.0216,NA
Media Brasil,2026-02-01,NA,NA,NA,NA,2.1464,NA
Media Brasil,2026-03-01,NA,NA,NA,NA,2.3924,NA
Media Brasil,2026-04-01,NA,NA,NA,NA,2.6584,NA
Minas Gerais,2016-01-01,0.9175,1.1266,1.2678,0.8203,1.0237,1.1691
Minas Gerais,2016-02-01,0.9769,1.1729,1.3009,0.8787,1.069,1.1955
Minas Gerais,2016-03-01,1.0442,1.248,1.3811,0.9332,1.1377,1.2692
Minas Gerais,2016-04-01,1.0975,1.3091,1.4414,0.99,1.1947,1.3256
Minas Gerais,2016-05-01,1.1572,1.383,1.5215,1.0438,1.2636,1.4002
Minas Gerais,2016-06-01,1.2689,1.5419,1.6939,1.1586,1.4199,1.571
Minas Gerais,2016-07-01,1.4155,1.7366,1.916,1.2998,1.6126,1.7895
Minas Gerais,2016-08-01,1.4012,1.6848,1.8666,1.2842,1.5644,1.7417
Minas Gerais,2016-09-01,1.2633,1.5498,1.7678,1.154,1.4315,1.6423
Minas Gerais,2016-10-01,1.1256,1.3675,1.5815,1.0215,1.2509,1.4566
Minas Gerais,2016-11-01,1.0835,1.3183,1.5337,0.9819,1.2074,1.4135
Minas Gerais,2016-12-01,1.0836,1.3229,1.5353,0.9815,1.2126,1.4149
Minas Gerais,2017-01-01,1.1044,1.3406,1.5552,1.0035,1.2306,1.436
Minas Gerais,2017-02-01,1.1337,1.363,1.5681,1.03,1.2499,1.4463
Minas Gerais,2017-03-01,1.1739,1.4036,1.5958,1.0657,1.2852,1.4712
Minas Gerais,2017-04-01,1.2001,1.4137,1.5912,1.094,1.2975,1.4698
Minas Gerais,2017-05-01,1.1625,1.4002,1.5863,1.0515,1.2846,1.4658
Minas Gerais,2017-06-01,1.1111,1.3602,1.5245,1.006,1.2469,1.4116
Minas Gerais,2017-07-01,1.0564,1.2671,1.4359,0.9508,1.157,1.3233
Minas Gerais,2017-08-01,0.9714,1.208,1.3959,0.8371,1.0998000000000001,1.2767
Minas Gerais,2017-09-01,0.9167,1.1392,1.3094,0.8163,1.038,1.2094
Minas Gerais,2017-10-01,0.9226,1.1476,1.3052,0.8237,1.0392,1.2008
Minas Gerais,2017-11-01,0.9209,1.1408,1.3035,0.8171,1.0366,1.1952
Minas Gerais,2017-12-01,0.9028,1.1114,1.2687,0.7996,1.0062,1.1623000000000001
Minas Gerais,2018-01-01,0.9448,1.15,1.3276,0.8524,1.0518,1.2287
Minas Gerais,2018-02-01,0.9948,1.2223,1.3951,0.8986,1.1235,1.2958
Minas Gerais,2018-03-01,1.1458,1.3185,1.4653,1.0387,1.2088,1.3534
Minas Gerais,2018-04-01,1.2453,1.4127,1.5623,1.1257,1.2907,1.4381
Minas Gerais,2018-05-01,1.3137,1.4457,1.5609,1.1995,1.3297,1.4432
Minas Gerais,2018-06-01,1.4947,1.6491,1.7759,1.379,1.5311,1.656
Minas Gerais,2018-07-01,1.5404,1.7248000000000001,1.8807,1.4285,1.6102,1.7639
Minas Gerais,2018-08-01,1.4107,1.6177,1.7742,1.3015,1.5051,1.6593
Minas Gerais,2018-09-01,1.3805,1.5707,1.7425,1.2736,1.4611,1.6304
Minas Gerais,2018-10-01,1.2867,1.475,1.6386,1.1862,1.3718,1.5329
Minas Gerais,2018-11-01,1.1762,1.3483,1.502,1.0726,1.2421,1.3935
Minas Gerais,2018-12-01,1.1292,1.3574,1.4978,1.042,1.2535,1.3844
Minas Gerais,2019-01-01,1.2856,1.5103,1.6566,1.1997,1.4056,1.5401
Minas Gerais,2019-02-01,1.355,1.5855,1.7264,1.2638,1.4766,1.6059
Minas Gerais,2019-03-01,1.373,1.596,1.725,1.2805,1.4869,1.6049
Minas Gerais,2019-04-01,1.3992,1.6218,1.7567,1.3076,1.512,1.6348
Minas Gerais,2019-05-01,1.4115,1.6221,1.757,1.3184,1.5117,1.6335
Minas Gerais,2019-06-01,1.2916,1.5038,1.6277,1.2049,1.4002,1.5117
Minas Gerais,2019-07-01,1.2676,1.4597,1.5656,1.1788,1.3575,1.4542
Minas Gerais,2019-08-01,1.2961,1.4975,1.6053,1.2063,1.3933,1.493
Minas Gerais,2019-09-01,1.2772,1.479,1.5818,1.1886,1.374,1.4677
Minas Gerais,2019-10-01,1.2732,1.4627,1.5597,1.1851,1.3578,1.4451
Minas Gerais,2019-11-01,1.2623,1.4555,1.56,1.1767,1.3525,1.4468
Minas Gerais,2019-12-01,NA,NA,NA,1.1921,1.367,1.4714
Minas Gerais,2020-01-01,NA,NA,NA,1.2407,1.4274,1.5384
Minas Gerais,2020-02-01,NA,NA,NA,1.2682,1.4527,1.5737
Minas Gerais,2020-03-01,NA,NA,NA,1.2796,1.4677,1.5966
Minas Gerais,2020-04-01,NA,NA,NA,1.2073,1.3918,1.5117
Minas Gerais,2020-05-01,NA,NA,NA,1.3458,1.5264,1.6373
Minas Gerais,2020-06-01,NA,NA,NA,1.5666,1.7706,1.9014
Minas Gerais,2020-07-01,NA,NA,NA,1.7544,1.9492,2.0529
Minas Gerais,2020-08-01,NA,NA,NA,1.9348,2.154,2.2732
Minas Gerais,2020-09-01,NA,NA,NA,1.9447,2.1561,2.2696
Minas Gerais,2020-10-01,NA,NA,NA,1.8223,2.0272,2.1348
Minas Gerais,2020-11-01,NA,NA,NA,1.8915,2.1195,2.2541
Minas Gerais,2020-12-01,NA,NA,NA,1.8194,2.0409,2.1816
Minas Gerais,2021-01-01,NA,NA,NA,1.7598,1.9985,2.1506
Minas Gerais,2021-02-01,NA,NA,NA,1.7138,1.9578,2.0638
Minas Gerais,2021-03-01,NA,NA,NA,1.7552,2.0074,2.182
Minas Gerais,2021-04-01,NA,NA,NA,1.8084,2.055,2.205
Minas Gerais,2021-05-01,NA,NA,NA,1.9905,2.221,2.3546
Minas Gerais,2021-06-01,NA,NA,NA,2.0798,2.3363,2.4663
Minas Gerais,2021-07-01,NA,NA,NA,2.1353,2.3944,2.5147
Minas Gerais,2021-08-01,NA,NA,NA,2.1461,2.4119,2.533
Minas Gerais,2021-09-01,NA,NA,NA,2.0819,2.3564,2.4774
Minas Gerais,2021-10-01,NA,NA,NA,1.9204,2.1955,2.3174
Minas Gerais,2021-11-01,NA,NA,NA,1.8771,2.1593,2.299
Minas Gerais,2021-12-01,NA,NA,NA,1.8772,2.1582,2.2855
Minas Gerais,2022-01-01,NA,NA,NA,1.9027,2.1784,2.3179
Minas Gerais,2022-02-01,NA,NA,NA,1.973,2.2403,2.3848
Minas Gerais,2022-03-01,NA,NA,NA,2.1879,2.4671,2.6186
Minas Gerais,2022-04-01,NA,NA,NA,2.2961,2.5773,2.7236
Minas Gerais,2022-05-01,NA,NA,NA,2.4184,2.7057,2.8471
Minas Gerais,2022-06-01,NA,NA,NA,2.8799,3.2219,3.3703
Minas Gerais,2022-07-01,NA,NA,NA,3.2364,3.6062,3.7796
Minas Gerais,2022-08-01,NA,NA,NA,NA,3.1343,NA
Minas Gerais,2022-09-01,NA,NA,NA,NA,2.9585,NA
Minas Gerais,2022-10-01,NA,NA,NA,NA,2.7376,NA
Minas Gerais,2022-11-01,NA,NA,NA,NA,2.5155,NA
Minas Gerais,2022-12-01,NA,NA,NA,NA,2.5121000000000002,NA
Minas Gerais,2023-01-01,NA,NA,NA,NA,2.6691,NA
Minas Gerais,2023-02-01,NA,NA,NA,NA,2.7561,NA
Minas Gerais,2023-03-01,NA,NA,NA,NA,2.8438,NA
Minas Gerais,2023-04-01,NA,NA,NA,NA,2.9258,NA
Minas Gerais,2023-05-01,NA,NA,NA,NA,2.7612,NA
Minas Gerais,2023-06-01,NA,NA,NA,NA,2.6248,NA
Minas Gerais,2023-07-01,NA,NA,NA,NA,2.501,NA
Minas Gerais,2023-08-01,NA,NA,NA,NA,2.334,NA
Minas Gerais,2023-09-01,NA,NA,NA,NA,2.0948,NA
Minas Gerais,2023-10-01,NA,NA,NA,NA,1.9665,NA
Minas Gerais,2023-11-01,NA,NA,NA,NA,1.9684,NA
Minas Gerais,2023-12-01,NA,NA,NA,NA,1.9953,NA
Minas Gerais,2024-01-01,NA,NA,NA,NA,2.1105,NA
Minas Gerais,2024-02-01,NA,NA,NA,NA,2.2037,NA
Minas Gerais,2024-03-01,NA,NA,NA,NA,2.3116,NA
Minas Gerais,2024-04-01,NA,NA,NA,NA,2.4632,NA
Minas Gerais,2024-05-01,NA,NA,NA,NA,2.7341,NA
Minas Gerais,2024-06-01,NA,NA,NA,NA,2.7869,NA
Minas Gerais,2024-07-01,NA,NA,NA,NA,2.8101,NA
Minas Gerais,2024-08-01,NA,NA,NA,NA,2.8755,NA
Minas Gerais,2024-09-01,NA,NA,NA,NA,2.9927,NA
Minas Gerais,2024-10-01,NA,NA,NA,NA,2.9254,NA
Minas Gerais,2024-11-01,NA,NA,NA,NA,2.7329,NA
Minas Gerais,2024-12-01,NA,NA,NA,NA,2.647,NA
Minas Gerais,2025-01-01,NA,NA,NA,NA,2.7219,NA
Minas Gerais,2025-02-01,NA,NA,NA,NA,2.8672,NA
Minas Gerais,2025-03-01,NA,NA,NA,NA,2.9432,NA
Minas Gerais,2025-04-01,NA,NA,NA,NA,2.8557,NA
Minas Gerais,2025-05-01,NA,NA,NA,NA,2.735,NA
Minas Gerais,2025-06-01,NA,NA,NA,NA,2.7197,NA
Minas Gerais,2025-07-01,NA,NA,NA,NA,2.7039,NA
Minas Gerais,2025-08-01,NA,NA,NA,NA,2.6242,NA
Minas Gerais,2025-09-01,NA,NA,NA,NA,2.5276,NA
Minas Gerais,2025-10-01,NA,NA,NA,NA,2.3884,NA
Minas Gerais,2025-11-01,NA,NA,NA,NA,2.1875,NA
Minas Gerais,2025-12-01,NA,NA,NA,NA,2.027,NA
Minas Gerais,2026-01-01,NA,NA,NA,NA,2.0633,NA
Minas Gerais,2026-02-01,NA,NA,NA,NA,2.203,NA
Minas Gerais,2026-03-01,NA,NA,NA,NA,2.458,NA
Minas Gerais,2026-04-01,NA,NA,NA,NA,2.7534,NA
Parana,2016-01-01,0.9678,1.0549,1.1183,0.8794,0.9645,1.0265
Parana,2016-02-01,1.0004,1.0942,1.1595,0.9121,1.0037,1.0676
Parana,2016-03-01,1.0666,1.1556,1.2184,0.9813,1.0683,1.1297
Parana,2016-04-01,1.1039,1.201,1.2646,1.0108,1.1052,1.1679
Parana,2016-05-01,1.1489,1.2589,1.3412,1.0531,1.1638,1.2414
Parana,2016-06-01,1.2782,1.471,1.5802,1.1774,1.366,1.473
Parana,2016-07-01,1.5593,1.6981,1.787,1.4537,1.5907,1.6763
Parana,2016-08-01,1.4921,1.6332,1.7409,1.3894,1.5366,1.6327
Parana,2016-09-01,1.3829,1.5099,1.5972,1.2813,1.408,1.4908
Parana,2016-10-01,1.1977,1.3724,1.4637,1.0948,1.2665,1.3549
Parana,2016-11-01,1.1672,1.3278,1.3999,1.0647,1.2218,1.2923
Parana,2016-12-01,1.1551,1.3182,1.3906,1.0543,1.2109,1.2865
Parana,2017-01-01,1.17,1.3208,1.4104,1.0697,1.2167,1.3046
Parana,2017-02-01,1.2053,1.326,1.4279,1.0991,1.2213,1.3209
Parana,2017-03-01,1.2464,1.361,1.4589,1.1456,1.2587,1.3544
Parana,2017-04-01,1.2846,1.3854,1.5045,1.1841,1.2828,1.4012
Parana,2017-05-01,1.1865,1.3928,1.4918,1.089,1.2898,1.3865
Parana,2017-06-01,1.2683,1.37,1.445,1.1697,1.2689,1.3423
Parana,2017-07-01,1.1827,1.2837,1.3771,1.0846,1.1842,1.2751
Parana,2017-08-01,1.1068,1.199,1.2906,1.0112,1.1027,1.1923
Parana,2017-09-01,1.0068,1.1028,1.179,0.9159,1.0116,1.0884
Parana,2017-10-01,0.9681,1.076,1.1673,0.8751,0.9821,1.0712
Parana,2017-11-01,0.9883,1.0819,1.1709,0.8963,0.989,1.0748
Parana,2017-12-01,0.9777,1.0709,1.1779,0.8856,0.9775,1.0799
Parana,2018-01-01,0.9457,1.1045,1.1986,0.853,1.0112,1.1054
Parana,2018-02-01,0.9508,1.1613,1.2712,0.8599,1.0723,1.1782
Parana,2018-03-01,1.1518,1.2682,1.3556,1.0494,1.1688,1.2523
Parana,2018-04-01,1.2057,1.3503,1.4379,1.1029,1.2454,1.3316
Parana,2018-05-01,1.3063,1.408,1.4872,1.2111,1.3083,1.3894
Parana,2018-06-01,1.4215,1.5595,1.653,1.3231,1.459,1.5512
Parana,2018-07-01,1.4656,1.6594,1.7876,1.3575,1.5484,1.6747
Parana,2018-08-01,1.3938,1.5866,1.6916,1.2912,1.4812,1.5846
Parana,2018-09-01,1.394,1.555,1.6523,1.2912,1.4498,1.5457
Parana,2018-10-01,1.3233,1.5018,1.5979,1.2288,1.4047,1.4994
Parana,2018-11-01,1.2499,1.3918,1.518,1.154,1.2939,1.4182
Parana,2018-12-01,1.0986,1.4807,1.5678,1.0735,1.4467,1.5385
Parana,2019-01-01,1.2315,1.5576,1.6254,1.1978,1.4828,1.5454
Parana,2019-02-01,1.27,1.6057,1.6777,1.2348,1.5292,1.5959
Parana,2019-03-01,1.3174,1.6155,1.6789,1.2791,1.5389,1.5971
Parana,2019-04-01,1.3492,1.6376,1.6887,1.3114,1.5617,1.6092
Parana,2019-05-01,1.382,1.6839,1.7457,1.3428,1.6074,1.6651
Parana,2019-06-01,1.2657,1.5931,1.6676,1.2288,1.5189,1.5888
Parana,2019-07-01,1.1731,1.4164,1.566,1.1455,1.3545,1.4938
Parana,2019-08-01,1.2366,1.4564,1.5846,1.2072,1.3939,1.5087
Parana,2019-09-01,1.236,1.4465,1.5802,1.2024,1.3852,1.5087
Parana,2019-10-01,1.2505,1.4244,1.5747,1.1994,1.3668,1.5172
Parana,2019-11-01,1.2512,1.4344,1.5943,1.2099,1.3901,1.5575
Parana,2019-12-01,NA,NA,NA,1.2158,1.4001,1.5635
Parana,2020-01-01,NA,NA,NA,1.227,1.4053,1.5531
Parana,2020-02-01,NA,NA,NA,1.2598,1.4342,1.5718
Parana,2020-03-01,NA,NA,NA,1.2628,1.4331,1.5766
Parana,2020-04-01,NA,NA,NA,1.2614,1.3957,1.5249
Parana,2020-05-01,NA,NA,NA,1.3519,1.4984,1.607
Parana,2020-06-01,NA,NA,NA,1.5365,1.713,1.7933
Parana,2020-07-01,NA,NA,NA,1.6966,1.9024,2.0159
Parana,2020-08-01,NA,NA,NA,1.8775,2.0682,2.1515
Parana,2020-09-01,NA,NA,NA,1.9291,2.1482,2.2261
Parana,2020-10-01,NA,NA,NA,1.7941,2.0171,2.1323
Parana,2020-11-01,NA,NA,NA,1.8671,2.095,2.2041
Parana,2020-12-01,NA,NA,NA,1.8232,2.023,2.1294
Parana,2021-01-01,NA,NA,NA,1.704,1.9198,2.0804
Parana,2021-02-01,NA,NA,NA,1.6568,1.8643,2.0388
Parana,2021-03-01,NA,NA,NA,1.7244,1.9208,2.078
Parana,2021-04-01,NA,NA,NA,1.7874,1.9915,2.1497
Parana,2021-05-01,NA,NA,NA,1.9364,2.1391,2.2444
Parana,2021-06-01,NA,NA,NA,2.1025,2.3099,2.4087
Parana,2021-07-01,NA,NA,NA,2.0633,2.3168,2.4659
Parana,2021-08-01,NA,NA,NA,2.0923,2.3335,2.4648
Parana,2021-09-01,NA,NA,NA,2.0639,2.2971,2.4269
Parana,2021-10-01,NA,NA,NA,1.8996,2.15,2.3135
Parana,2021-11-01,NA,NA,NA,1.8251,2.0583,2.2299
Parana,2021-12-01,NA,NA,NA,1.8394,2.068,2.2317
Parana,2022-01-01,NA,NA,NA,1.8995,2.1167,2.2699
Parana,2022-02-01,NA,NA,NA,2.0001,2.1871,2.3136
Parana,2022-03-01,NA,NA,NA,2.2171,2.4196,2.532
Parana,2022-04-01,NA,NA,NA,2.3843,2.6045,2.7458
Parana,2022-05-01,NA,NA,NA,2.5373,2.7094,2.8149
Parana,2022-06-01,NA,NA,NA,2.9288,3.1602,3.3099
Parana,2022-07-01,NA,NA,NA,3.2718,3.5523,3.7035
Parana,2022-08-01,NA,NA,NA,NA,3.0175,NA
Parana,2022-09-01,NA,NA,NA,NA,2.752,NA
Parana,2022-10-01,NA,NA,NA,NA,2.6922,NA
Parana,2022-11-01,NA,NA,NA,NA,2.6034,NA
Parana,2022-12-01,NA,NA,NA,NA,2.5949,NA
Parana,2023-01-01,NA,NA,NA,NA,2.73,NA
Parana,2023-02-01,NA,NA,NA,NA,2.8269,NA
Parana,2023-03-01,NA,NA,NA,NA,2.8616,NA
Parana,2023-04-01,NA,NA,NA,NA,3.0049,NA
Parana,2023-05-01,NA,NA,NA,NA,2.8026,NA
Parana,2023-06-01,NA,NA,NA,NA,2.6869,NA
Parana,2023-07-01,NA,NA,NA,NA,2.5057,NA
Parana,2023-08-01,NA,NA,NA,NA,2.2636,NA
Parana,2023-09-01,NA,NA,NA,NA,2.0546,NA
Parana,2023-10-01,NA,NA,NA,NA,1.966,NA
Parana,2023-11-01,NA,NA,NA,NA,1.9979,NA
Parana,2023-12-01,NA,NA,NA,NA,2.1374,NA
Parana,2024-01-01,NA,NA,NA,NA,2.2392,NA
Parana,2024-02-01,NA,NA,NA,NA,2.3517,NA
Parana,2024-03-01,NA,NA,NA,NA,2.4202,NA
Parana,2024-04-01,NA,NA,NA,NA,2.5664,NA
Parana,2024-05-01,NA,NA,NA,NA,2.7902,NA
Parana,2024-06-01,NA,NA,NA,NA,2.8169,NA
Parana,2024-07-01,NA,NA,NA,NA,2.7353,NA
Parana,2024-08-01,NA,NA,NA,NA,2.7695,NA
Parana,2024-09-01,NA,NA,NA,NA,2.9178,NA
Parana,2024-10-01,NA,NA,NA,NA,2.8255,NA
Parana,2024-11-01,NA,NA,NA,NA,2.7021,NA
Parana,2024-12-01,NA,NA,NA,NA,2.6571,NA
Parana,2025-01-01,NA,NA,NA,NA,2.7308,NA
Parana,2025-02-01,NA,NA,NA,NA,2.8383,NA
Parana,2025-03-01,NA,NA,NA,NA,2.8925,NA
Parana,2025-04-01,NA,NA,NA,NA,2.8078,NA
Parana,2025-05-01,NA,NA,NA,NA,2.7312,NA
Parana,2025-06-01,NA,NA,NA,NA,2.7394,NA
Parana,2025-07-01,NA,NA,NA,NA,2.7146,NA
Parana,2025-08-01,NA,NA,NA,NA,2.5788,NA
Parana,2025-09-01,NA,NA,NA,NA,2.4575,NA
Parana,2025-10-01,NA,NA,NA,NA,2.2924,NA
Parana,2025-11-01,NA,NA,NA,NA,2.0616,NA
Parana,2025-12-01,NA,NA,NA,NA,2.0022,NA
Parana,2026-01-01,NA,NA,NA,NA,2.0355,NA
Parana,2026-02-01,NA,NA,NA,NA,2.166,NA
Parana,2026-03-01,NA,NA,NA,NA,2.4719,NA
Parana,2026-04-01,NA,NA,NA,NA,2.7596,NA
Rio de Janeiro,2016-01-01,0.9101,1.0411,1.1323,0.8415,0.9728,1.0601
Rio de Janeiro,2016-02-01,0.9511,1.059,1.1649,0.8908,1.0021,1.1052
Rio de Janeiro,2016-03-01,0.9671,1.1077,1.2267,0.8978,1.0387,1.153
Rio de Janeiro,2016-04-01,0.9843,1.1528,1.2403,0.9123,1.081,1.1641
Rio de Janeiro,2016-05-01,1.0295,1.2093,1.3041,0.9554,1.1352,1.2255
Rio de Janeiro,2016-06-01,1.1549,1.3481,1.4479,1.078,1.2709,1.366
Rio de Janeiro,2016-07-01,1.2487,1.4775,1.6114,1.1627,1.3902,1.5188
Rio de Janeiro,2016-08-01,1.2873000000000001,1.4395,1.5885,1.199,1.3526,1.4954
Rio de Janeiro,2016-09-01,1.1693,1.2722,1.402,1.0919,1.1965,1.321
Rio de Janeiro,2016-10-01,1.1017,1.267,1.3937,1.056,1.2216,1.3437
Rio de Janeiro,2016-11-01,1.0738,1.2427,1.3725,1.0017,1.1701,1.295
Rio de Janeiro,2016-12-01,1.063,1.2333,1.3645,0.9919,1.1615,1.2878
Rio de Janeiro,2017-01-01,1.0541,1.2245,1.3573,0.9849,1.1546,1.2825
Rio de Janeiro,2017-02-01,1.1393,1.2491,1.3791,1.0647,1.1739,1.2999
Rio de Janeiro,2017-03-01,1.1335,1.2616,1.3997,1.0626,1.1896,1.3231
Rio de Janeiro,2017-04-01,1.1605,1.293,1.4258,1.0879,1.2174,1.3458
Rio de Janeiro,2017-05-01,1.155,1.2902,1.4169,1.0679,1.1968,1.3167
Rio de Janeiro,2017-06-01,1.1722,1.2985,1.4106,1.0833,1.1982,1.3089
Rio de Janeiro,2017-07-01,1.1201,1.2463,1.3591,1.0324,1.1531,1.2587
Rio de Janeiro,2017-08-01,1.0552,1.2046,1.2945,0.9654,1.1055,1.199
Rio de Janeiro,2017-09-01,1.023,1.1373,1.236,0.9342,1.0403,1.1884
Rio de Janeiro,2017-10-01,1.0006,1.1033,1.2061,0.91,1.0046,1.1438
Rio de Janeiro,2017-11-01,0.9816,1.0825,1.1909,0.8923,0.9854,1.129
Rio de Janeiro,2017-12-01,0.9465,1.0658,1.1924,0.8678,0.9789,1.1393
Rio de Janeiro,2018-01-01,0.9623,1.0916,1.2336,0.8768,1.0016,1.14
Rio de Janeiro,2018-02-01,1.0068,1.1172,1.2473,0.9214,1.0337,1.1662
Rio de Janeiro,2018-03-01,1.0575,1.2074,1.3235,0.9897,1.1366,1.2357
Rio de Janeiro,2018-04-01,1.1121,1.2835,1.3713,1.0354,1.2035,1.2898
Rio de Janeiro,2018-05-01,1.2171,1.3648,1.4784,1.1356,1.2811,1.393
Rio de Janeiro,2018-06-01,1.411,1.5718,1.6448,1.3156,1.474,1.5459
Rio de Janeiro,2018-07-01,1.4234,1.6051,1.685,1.3294,1.5083,1.5871
Rio de Janeiro,2018-08-01,1.2684,1.5303,1.688,1.1918,1.4499,1.6053
Rio de Janeiro,2018-09-01,1.2323,1.4713,1.6089,1.1534,1.3889,1.5244
Rio de Janeiro,2018-10-01,1.2537,1.5039,1.604,1.1759,1.4224,1.521
Rio de Janeiro,2018-11-01,1.161,1.3085,1.4351,1.0782,1.2235,1.3482
Rio de Janeiro,2018-12-01,1.1605,1.4422,1.5542,1.07,1.3303,1.4603
Rio de Janeiro,2019-01-01,1.281,1.4057,1.2658,1.1902,1.3254,1.2374
Rio de Janeiro,2019-02-01,1.3559,1.5155,1.3317,1.2545,1.4297,1.2972
Rio de Janeiro,2019-03-01,1.3693,1.5144,1.3347,1.2965,1.4435,1.3034
Rio de Janeiro,2019-04-01,1.4863,1.574,1.3577,1.3364,1.4847,1.3244
Rio de Janeiro,2019-05-01,1.4799,1.5997,1.4264,1.3422,1.5065,1.3905
Rio de Janeiro,2019-06-01,1.3921,1.5608,1.4026,1.2577,1.4712,1.3618
Rio de Janeiro,2019-07-01,1.3839,1.5656,1.3922,1.2375,1.4706,1.3511
Rio de Janeiro,2019-08-01,1.4106,1.5661,1.5954,1.2465,1.4648,1.5058
Rio de Janeiro,2019-09-01,1.3574,1.6857,1.7077,1.2587,1.5731,1.6127
Rio de Janeiro,2019-10-01,1.3925,1.6736,1.6979,1.3023,1.564,1.6061
Rio de Janeiro,2019-11-01,1.3856,1.6611,1.7755,1.2973,1.5515,1.6671
Rio de Janeiro,2019-12-01,NA,NA,NA,1.2505,1.4983,1.5333
Rio de Janeiro,2020-01-01,NA,NA,NA,1.261,1.4198,1.4838
Rio de Janeiro,2020-02-01,NA,NA,NA,1.2219,1.409,NA
Rio de Janeiro,2020-03-01,NA,NA,NA,1.2771,1.4722,1.5506
Rio de Janeiro,2020-04-01,NA,NA,NA,1.2284,1.4416,NA
Rio de Janeiro,2020-05-01,NA,NA,NA,1.3811,1.4962,1.574
Rio de Janeiro,2020-06-01,NA,NA,NA,1.5044,1.6074,1.6905
Rio de Janeiro,2020-07-01,NA,NA,NA,1.6587,1.7943,1.8771
Rio de Janeiro,2020-08-01,NA,NA,NA,1.8623,2.0224,2.1708
Rio de Janeiro,2020-09-01,NA,NA,NA,1.9957,2.1702,2.2805
Rio de Janeiro,2020-10-01,NA,NA,NA,1.9172,2.1625,2.3799
Rio de Janeiro,2020-11-01,NA,NA,NA,1.9441,2.1747,2.2714
Rio de Janeiro,2020-12-01,NA,NA,NA,1.8173,2.0532,2.1329
Rio de Janeiro,2021-01-01,NA,NA,NA,1.8325,2.1006,2.1894
Rio de Janeiro,2021-02-01,NA,NA,NA,1.8958,2.0872,2.2496
Rio de Janeiro,2021-03-01,NA,NA,NA,1.8319,2.1177,2.273
Rio de Janeiro,2021-04-01,NA,NA,NA,1.9104,2.1574,NA
Rio de Janeiro,2021-05-01,NA,NA,NA,1.9189,2.2669,2.3422
Rio de Janeiro,2021-06-01,NA,NA,NA,2.0898,2.2643,NA
Rio de Janeiro,2021-07-01,NA,NA,NA,2.2912,2.4113,NA
Rio de Janeiro,2021-08-01,NA,NA,NA,2.1663,2.2917,NA
Rio de Janeiro,2021-09-01,NA,NA,NA,2.1922,2.3264,NA
Rio de Janeiro,2021-10-01,NA,NA,NA,2.1402,2.2799,NA
Rio de Janeiro,2021-11-01,NA,NA,NA,2.0839,2.4561,NA
Rio de Janeiro,2021-12-01,NA,NA,NA,1.9971,2.3837,NA
Rio de Janeiro,2022-01-01,NA,NA,NA,1.9727,2.2378,2.3174
Rio de Janeiro,2022-02-01,NA,NA,NA,1.9893,2.282,2.3514
Rio de Janeiro,2022-03-01,NA,NA,NA,2.1822,2.3749,2.3809
Rio de Janeiro,2022-04-01,NA,NA,NA,2.2984,2.5328,2.5618
Rio de Janeiro,2022-05-01,NA,NA,NA,2.4233,2.5522,NA
Rio de Janeiro,2022-06-01,NA,NA,NA,2.6611,2.9193,NA
Rio de Janeiro,2022-07-01,NA,NA,NA,3.1772,3.3846,NA
Rio de Janeiro,2022-08-01,NA,NA,NA,NA,3.2225,NA
Rio de Janeiro,2022-09-01,NA,NA,NA,NA,3.2509,NA
Rio de Janeiro,2022-11-01,NA,NA,NA,NA,2.5726,NA
Rio de Janeiro,2022-12-01,NA,NA,NA,NA,2.431,NA
Rio de Janeiro,2023-01-01,NA,NA,NA,NA,2.5675,NA
Rio de Janeiro,2023-02-01,NA,NA,NA,NA,2.648,NA
Rio de Janeiro,2023-03-01,NA,NA,NA,NA,2.6694,NA
Rio de Janeiro,2023-04-01,NA,NA,NA,NA,2.6512,NA
Rio de Janeiro,2023-05-01,NA,NA,NA,NA,2.6196,NA
Rio de Janeiro,2023-06-01,NA,NA,NA,NA,2.5342,NA
Rio de Janeiro,2023-07-01,NA,NA,NA,NA,2.4637,NA
Rio de Janeiro,2023-08-01,NA,NA,NA,NA,2.3731,NA
Rio de Janeiro,2023-09-01,NA,NA,NA,NA,1.9179,NA
Rio de Janeiro,2023-10-01,NA,NA,NA,NA,1.8997,NA
Rio de Janeiro,2023-11-01,NA,NA,NA,NA,1.8777,NA
Rio de Janeiro,2023-12-01,NA,NA,NA,NA,1.8299,NA
Rio de Janeiro,2024-01-01,NA,NA,NA,NA,1.8537,NA
Rio de Janeiro,2024-02-01,NA,NA,NA,NA,1.891,NA
Rio de Janeiro,2024-03-01,NA,NA,NA,NA,2.0087,NA
Rio de Janeiro,2024-04-01,NA,NA,NA,NA,2.0645,NA
Rio de Janeiro,2024-05-01,NA,NA,NA,NA,2.2913,NA
Rio de Janeiro,2024-06-01,NA,NA,NA,NA,2.5607,NA
Rio de Janeiro,2024-07-01,NA,NA,NA,NA,2.6191,NA
Rio de Janeiro,2024-08-01,NA,NA,NA,NA,2.6968,NA
Rio de Janeiro,2024-09-01,NA,NA,NA,NA,2.8593,NA
Rio de Janeiro,2024-10-01,NA,NA,NA,NA,2.8685,NA
Rio de Janeiro,2024-11-01,NA,NA,NA,NA,2.6688,NA
Rio de Janeiro,2024-12-01,NA,NA,NA,NA,2.5635,NA
Rio de Janeiro,2025-01-01,NA,NA,NA,NA,2.4655,NA
Rio de Janeiro,2025-02-01,NA,NA,NA,NA,2.6488,NA
Rio de Janeiro,2025-03-01,NA,NA,NA,NA,2.7158,NA
Rio de Janeiro,2025-04-01,NA,NA,NA,NA,2.7875,NA
Rio de Janeiro,2025-05-01,NA,NA,NA,NA,2.7308,NA
Rio de Janeiro,2025-06-01,NA,NA,NA,NA,2.733,NA
Rio de Janeiro,2025-07-01,NA,NA,NA,NA,2.6028,NA
Rio de Janeiro,2025-08-01,NA,NA,NA,NA,2.4893,NA
Rio de Janeiro,2025-09-01,NA,NA,NA,NA,2.5811,NA
Rio de Janeiro,2025-10-01,NA,NA,NA,NA,2.4512,NA
Rio de Janeiro,2025-11-01,NA,NA,NA,NA,2.2817,NA
Rio de Janeiro,2025-12-01,NA,NA,NA,NA,2.0578,NA
Rio de Janeiro,2026-01-01,NA,NA,NA,NA,2.0617,NA
Rio de Janeiro,2026-02-01,NA,NA,NA,NA,2.137,NA
Rio de Janeiro,2026-03-01,NA,NA,NA,NA,2.2789,NA
Rio de Janeiro,2026-04-01,NA,NA,NA,NA,2.5712,NA
Santa Catarina,2016-01-01,0.9205,1.0946,1.2004,0.8346,1.0048,1.1081
Santa Catarina,2016-02-01,0.9815,1.1544,1.2653,0.8928,1.0627,1.1711
Santa Catarina,2016-03-01,1.0482,1.237,1.3478,0.9547,1.1393,1.2476
Santa Catarina,2016-04-01,1.0821,1.2867,1.409,0.9774,1.1774,1.2969
Santa Catarina,2016-05-01,1.1608,1.358,1.4917,1.0551,1.2474,1.378
Santa Catarina,2016-06-01,1.2779,1.4967,1.6485,1.1707,1.3846,1.5363
Santa Catarina,2016-07-01,1.4236,1.675,1.8474,1.3142,1.56,1.7287
Santa Catarina,2016-08-01,1.3378,1.5607,1.723,1.2311,1.4488,1.6075
Santa Catarina,2016-09-01,1.1812,1.391,1.552,1.0781,1.2834,1.4407
Santa Catarina,2016-10-01,0.9989,1.2009,1.3582,0.8998,1.0972,1.2509
Santa Catarina,2016-11-01,1.0089,1.1805,1.3251,0.9144,1.0821,1.2235
Santa Catarina,2016-12-01,1.0079,1.1998,1.3716,0.9099,1.0975,1.2655
Santa Catarina,2017-01-01,1.1071,1.2964,1.4514,1.0069,1.1919,1.3435
Santa Catarina,2017-02-01,1.1401,1.3281,1.4927,1.0383,1.2221,1.383
Santa Catarina,2017-03-01,1.1413,1.3379,1.5071,1.038,1.2302,1.3956
Santa Catarina,2017-04-01,1.172,1.3645,1.5336,1.0683,1.2566,1.4219
Santa Catarina,2017-05-01,1.1632,1.3677,1.5387,1.0611,1.261,1.4282
Santa Catarina,2017-06-01,1.1148,1.3258,1.4849,1.0123,1.2185,1.374
Santa Catarina,2017-07-01,1.0367,1.2335,1.3889,0.9361,1.1285,1.2804
Santa Catarina,2017-08-01,0.9174,1.1109,1.2459,0.8224,1.0083,1.143
Santa Catarina,2017-09-01,0.8421,1.0244,1.164,0.7476,0.9258,1.0629
Santa Catarina,2017-10-01,0.8306,1.0245,1.1653,0.734,0.9235,1.0613
Santa Catarina,2017-11-01,0.9011,1.0386,1.1896,0.8055,0.9398,1.0877
Santa Catarina,2017-12-01,0.8832,1.053,1.205,0.7865,0.9524,1.1013
Santa Catarina,2018-01-01,0.9006,1.093,1.2443,0.8112,1.0006,1.1499
Santa Catarina,2018-02-01,0.9191,1.146,1.2969,0.8297,1.0544,1.2017
Santa Catarina,2018-03-01,1.0013,1.2093,1.3507,0.9092,1.1154,1.2534
Santa Catarina,2018-04-01,1.0917,1.3129,1.4634,0.991,1.2089,1.3571
Santa Catarina,2018-05-01,1.137,1.3436,1.4973,1.0392,1.2363,1.3846
Santa Catarina,2018-06-01,1.2709,1.5055,1.6729,1.1705,1.4016,1.5666
Santa Catarina,2018-07-01,1.3001,1.5325,1.6923,1.2043,1.4321,1.5896
Santa Catarina,2018-08-01,1.2663,1.5051,1.669,1.1688,1.4041,1.5656
Santa Catarina,2018-09-01,1.2068,1.4626,1.6051,1.1116,1.3636,1.504
Santa Catarina,2018-10-01,1.1608,1.3933,1.5567,1.0651,1.2941,1.4554
Santa Catarina,2018-11-01,1.074,1.2648,1.4328,0.9725,1.1604,1.326
Santa Catarina,2018-12-01,1.1752,1.304,1.4651,1.0772,1.1982,1.3515
Santa Catarina,2019-01-01,1.379,1.4932,1.6774,1.2762,1.3825,1.5587
Santa Catarina,2019-02-01,1.4092,1.5356,1.7187,1.3049,1.4232,1.5964
Santa Catarina,2019-03-01,1.4419,1.5693,1.7381,1.3337,1.4549,1.6152
Santa Catarina,2019-04-01,1.4975,1.6256,1.8212,1.3869,1.509,1.6965
Santa Catarina,2019-05-01,1.5263,1.635,1.8183,1.4166,1.5209,1.696
Santa Catarina,2019-06-01,1.3199,1.4326,1.6106,1.2142,1.3226,1.4931
Santa Catarina,2019-07-01,1.2864,1.3982,1.5639,1.1836,1.2915,1.4515
Santa Catarina,2019-08-01,1.2989,1.4093,1.5731,1.2,1.3056,1.4629
Santa Catarina,2019-09-01,1.2991,1.4149,1.5739,1.2048,1.316,1.4681
Santa Catarina,2019-10-01,1.3008,1.4213,1.5773,1.2056,1.3214,1.4731
Santa Catarina,2019-11-01,1.2702,1.4096,1.5782,1.2234,1.3464,1.5183
Santa Catarina,2019-12-01,NA,NA,NA,1.2431,1.3706,1.5293
Santa Catarina,2020-01-01,NA,NA,NA,1.2673,1.4006,1.5618
Santa Catarina,2020-02-01,NA,NA,NA,1.3009,1.4172,1.5657
Santa Catarina,2020-03-01,NA,NA,NA,1.3026,1.4196,1.5685
Santa Catarina,2020-04-01,NA,NA,NA,1.2355,1.337,1.4888
Santa Catarina,2020-05-01,NA,NA,NA,1.373,1.4818,1.6514
Santa Catarina,2020-06-01,NA,NA,NA,1.6301,1.7416,1.9285
Santa Catarina,2020-07-01,NA,NA,NA,1.7899,1.9118,2.0497
Santa Catarina,2020-08-01,NA,NA,NA,1.9445,2.0635,2.2165
Santa Catarina,2020-09-01,NA,NA,NA,2.0062,2.1274,2.2505
Santa Catarina,2020-10-01,NA,NA,NA,1.8961,2.0309,2.1699
Santa Catarina,2020-11-01,NA,NA,NA,1.9882,2.1255,2.2772
Santa Catarina,2020-12-01,NA,NA,NA,1.8145,1.9706,2.1214
Santa Catarina,2021-01-01,NA,NA,NA,1.8253,1.9433,2.0257
Santa Catarina,2021-02-01,NA,NA,NA,1.8071,1.912,1.9881
Santa Catarina,2021-03-01,NA,NA,NA,1.8513,1.9615,2.0413
Santa Catarina,2021-04-01,NA,NA,NA,1.906,2.0218,2.1082
Santa Catarina,2021-05-01,NA,NA,NA,2.0445,2.1822,2.3132
Santa Catarina,2021-06-01,NA,NA,NA,2.1264,2.2516,2.2428
Santa Catarina,2021-07-01,NA,NA,NA,2.0891,2.2564,2.2886
Santa Catarina,2021-08-01,NA,NA,NA,2.1284,2.2838,2.31
Santa Catarina,2021-09-01,NA,NA,NA,2.0896,2.2005,2.1909
Santa Catarina,2021-10-01,NA,NA,NA,1.8957,2.0448,2.1594
Santa Catarina,2021-11-01,NA,NA,NA,1.8513,2.0068,2.1156
Santa Catarina,2021-12-01,NA,NA,NA,1.8997,2.025,2.1202
Santa Catarina,2022-01-01,NA,NA,NA,1.8887,2.0631,2.1634
Santa Catarina,2022-02-01,NA,NA,NA,2.0379,2.1481,2.3194
Santa Catarina,2022-03-01,NA,NA,NA,2.1882,2.3454,2.5301
Santa Catarina,2022-04-01,NA,NA,NA,2.3312,2.5538,2.758
Santa Catarina,2022-05-01,NA,NA,NA,2.4711,2.6695,2.9024
Santa Catarina,2022-06-01,NA,NA,NA,2.9225,3.1149,3.3566
Santa Catarina,2022-07-01,NA,NA,NA,3.2039,3.5449,4.1836
Santa Catarina,2022-08-01,NA,NA,NA,NA,2.8846,NA
Santa Catarina,2022-09-01,NA,NA,NA,NA,2.7211,NA
Santa Catarina,2022-10-01,NA,NA,NA,NA,2.6156,NA
Santa Catarina,2022-11-01,NA,NA,NA,NA,2.5153,NA
Santa Catarina,2022-12-01,NA,NA,NA,NA,2.4932,NA
Santa Catarina,2023-01-01,NA,NA,NA,NA,2.6709,NA
Santa Catarina,2023-02-01,NA,NA,NA,NA,2.7467,NA
Santa Catarina,2023-03-01,NA,NA,NA,NA,2.7843,NA
Santa Catarina,2023-04-01,NA,NA,NA,NA,2.9327,NA
Santa Catarina,2023-05-01,NA,NA,NA,NA,2.7532,NA
Santa Catarina,2023-06-01,NA,NA,NA,NA,2.492,NA
Santa Catarina,2023-07-01,NA,NA,NA,NA,2.2629,NA
Santa Catarina,2023-08-01,NA,NA,NA,NA,2.0947,NA
Santa Catarina,2023-09-01,NA,NA,NA,NA,1.92,NA
Santa Catarina,2023-10-01,NA,NA,NA,NA,1.882,NA
Santa Catarina,2023-11-01,NA,NA,NA,NA,2.0192,NA
Santa Catarina,2023-12-01,NA,NA,NA,NA,2.0668,NA
Santa Catarina,2024-01-01,NA,NA,NA,NA,2.1391,NA
Santa Catarina,2024-02-01,NA,NA,NA,NA,2.2524,NA
Santa Catarina,2024-03-01,NA,NA,NA,NA,2.3049,NA
Santa Catarina,2024-04-01,NA,NA,NA,NA,2.4289,NA
Santa Catarina,2024-05-01,NA,NA,NA,NA,2.7302,NA
Santa Catarina,2024-06-01,NA,NA,NA,NA,2.7579,NA
Santa Catarina,2024-07-01,NA,NA,NA,NA,2.637,NA
Santa Catarina,2024-08-01,NA,NA,NA,NA,2.6706,NA
Santa Catarina,2024-09-01,NA,NA,NA,NA,2.806,NA
Santa Catarina,2024-10-01,NA,NA,NA,NA,2.7736,NA
Santa Catarina,2024-11-01,NA,NA,NA,NA,2.5827,NA
Santa Catarina,2024-12-01,NA,NA,NA,NA,2.4927,NA
Santa Catarina,2025-01-01,NA,NA,NA,NA,2.5537,NA
Santa Catarina,2025-02-01,NA,NA,NA,NA,2.6763,NA
Santa Catarina,2025-03-01,NA,NA,NA,NA,2.7192,NA
Santa Catarina,2025-04-01,NA,NA,NA,NA,2.6199,NA
Santa Catarina,2025-05-01,NA,NA,NA,NA,2.4999,NA
Santa Catarina,2025-06-01,NA,NA,NA,NA,2.6489,NA
Santa Catarina,2025-07-01,NA,NA,NA,NA,2.5758,NA
Santa Catarina,2025-08-01,NA,NA,NA,NA,2.44,NA
Santa Catarina,2025-09-01,NA,NA,NA,NA,2.3354,NA
Santa Catarina,2025-10-01,NA,NA,NA,NA,2.204,NA
Santa Catarina,2025-11-01,NA,NA,NA,NA,2.014,NA
Santa Catarina,2025-12-01,NA,NA,NA,NA,1.9092,NA
Santa Catarina,2026-01-01,NA,NA,NA,NA,1.958,NA
Santa Catarina,2026-02-01,NA,NA,NA,NA,2.0727,NA
Santa Catarina,2026-03-01,NA,NA,NA,NA,2.3593,NA
Santa Catarina,2026-04-01,NA,NA,NA,NA,2.6868,NA
Sao Paulo,2016-01-01,0.9823,1.0969,1.1577,0.8951,1.0066,1.0623
Sao Paulo,2016-02-01,1.0103,1.1317,1.1995,0.9209,1.0391,1.1017
Sao Paulo,2016-03-01,1.0579,1.1822,1.2462,0.9698,1.0908,1.1497
Sao Paulo,2016-04-01,1.1018,1.2403,1.2981,1.0103,1.146,1.2027
Sao Paulo,2016-05-01,1.1411,1.2924,1.3621,1.0462,1.1963,1.2628
Sao Paulo,2016-06-01,1.2842,1.4529,1.5282,1.1874,1.3573,1.4266
Sao Paulo,2016-07-01,1.4555,1.6465,1.7317,1.3577,1.5471,1.6283
Sao Paulo,2016-08-01,1.4331,1.6113,1.7187,1.3363,1.5129,1.6156
Sao Paulo,2016-09-01,1.3517,1.521,1.6333,1.2559,1.4234,1.5313
Sao Paulo,2016-10-01,1.2285,1.3804,1.4714,1.1361,1.2862,1.3734
Sao Paulo,2016-11-01,1.2017,1.3377,1.4422,1.1071,1.2419,1.3423
Sao Paulo,2016-12-01,1.1731,1.3259,1.4239,1.0811,1.2321,1.3307
Sao Paulo,2017-01-01,1.1774,1.3417,1.4444,1.0861,1.2481,1.3473
Sao Paulo,2017-02-01,1.197,1.3614,1.4651,1.1065,1.2687,1.3689
Sao Paulo,2017-03-01,1.2098,1.3833,1.4949,1.1184,1.2895,1.3973
Sao Paulo,2017-04-01,1.2322,1.4095,1.5105,1.1392,1.3096,1.4116
Sao Paulo,2017-05-01,1.2149,1.4277,1.5405,1.1204,1.3249,1.4385
Sao Paulo,2017-06-01,1.1958,1.4012,1.4946,1.0994,1.3137,1.3906
Sao Paulo,2017-07-01,1.1433,1.3441,1.4264,1.0611,1.2593,1.3355
Sao Paulo,2017-08-01,1.0993,1.2835,1.3676,1.012,1.1885,1.2581
Sao Paulo,2017-09-01,1.0434,1.2182,1.3108,0.956,1.1201,1.2308
Sao Paulo,2017-10-01,1.0126,1.1955,1.2828,0.9331,1.1122,1.203
Sao Paulo,2017-11-01,0.9954,1.1821,1.2702,0.9165,1.0915,1.1909
Sao Paulo,2017-12-01,0.9775,1.1623000000000001,1.2646,0.898,1.0709,1.184
Sao Paulo,2018-01-01,0.9971,1.1861,1.3074,0.9166,1.0945,1.2232
Sao Paulo,2018-02-01,1.0523,1.2426,1.3467,0.9631,1.1507,1.2634
Sao Paulo,2018-03-01,1.1274,1.2954,1.415,1.0284,1.1936,1.3112
Sao Paulo,2018-04-01,1.2255,1.381,1.4793,1.1251,1.2783,1.3752
Sao Paulo,2018-05-01,1.2793,1.4462,1.5549,1.1771,1.3415,1.4486
Sao Paulo,2018-06-01,1.4445,1.6117,1.7029,1.3354,1.5001,1.5899
Sao Paulo,2018-07-01,1.4347,1.6456,1.7625,1.332,1.5362,1.6514
Sao Paulo,2018-08-01,1.4449,1.6308,1.7567,1.336,1.5191,1.6432
Sao Paulo,2018-09-01,1.3974,1.6176,1.7455,1.293,1.5099,1.6374
Sao Paulo,2018-10-01,1.3388,1.5542,1.6812,1.2439,1.4562,1.5813
Sao Paulo,2018-11-01,1.2682,1.4543,1.5673,1.1675,1.3509,1.4622
Sao Paulo,2018-12-01,1.2042,1.4494,1.6184,1.1371,1.3636,1.5242
Sao Paulo,2019-01-01,1.3274,1.4903,1.5659,1.2637,1.4209,1.5106
Sao Paulo,2019-02-01,1.3735,1.555,1.645,1.3078,1.4802,1.5656
Sao Paulo,2019-03-01,1.3841,1.5586,1.6319,1.3178,1.4966,1.5852
Sao Paulo,2019-04-01,1.4248,1.5705,1.6336,1.3522,1.506,1.5871
Sao Paulo,2019-05-01,1.4151,1.579,1.6497,1.3479,1.5161,1.6034
Sao Paulo,2019-06-01,1.3616,1.5266,1.5855,1.2868,1.4632,1.5396
Sao Paulo,2019-07-01,1.3337,1.4967,1.554,1.2643,1.4363,1.5091
Sao Paulo,2019-08-01,1.3432,1.5048,1.5591,1.2822,1.4434,1.5077
Sao Paulo,2019-09-01,1.3418,1.5236,1.6491,1.2676,1.435,1.5507
Sao Paulo,2019-10-01,1.3146,1.4984,1.6326,1.2442,1.418,1.5476
Sao Paulo,2019-11-01,1.3256,1.5044,1.6357,1.2525,1.4196,1.5466
Sao Paulo,2019-12-01,NA,NA,NA,1.2405,1.4081,1.5329
Sao Paulo,2020-01-01,NA,NA,NA,1.2508,1.4201,1.5673
Sao Paulo,2020-02-01,NA,NA,NA,1.2742,1.4295,1.5926
Sao Paulo,2020-03-01,NA,NA,NA,1.2747,1.4276,1.5716
Sao Paulo,2020-04-01,NA,NA,NA,1.2499,1.3774,1.5107
Sao Paulo,2020-05-01,NA,NA,NA,1.3428,1.4624,1.5836
Sao Paulo,2020-06-01,NA,NA,NA,1.545,1.682,1.8049
Sao Paulo,2020-07-01,NA,NA,NA,1.7152,1.8449,1.9652
Sao Paulo,2020-08-01,NA,NA,NA,1.8762,2.0172,2.1434
Sao Paulo,2020-09-01,NA,NA,NA,1.9371,2.1071,2.2571
Sao Paulo,2020-10-01,NA,NA,NA,1.8101,2.0157,2.1781
Sao Paulo,2020-11-01,NA,NA,NA,1.8672,2.0786,2.2271
Sao Paulo,2020-12-01,NA,NA,NA,1.8603,2.0438,2.2033
Sao Paulo,2021-01-01,NA,NA,NA,1.7587,1.9791,2.2096
Sao Paulo,2021-02-01,NA,NA,NA,1.7249,1.9332,2.1704
Sao Paulo,2021-03-01,NA,NA,NA,1.792,1.9871,2.1744
Sao Paulo,2021-04-01,NA,NA,NA,1.8408,2.0438,2.214
Sao Paulo,2021-05-01,NA,NA,NA,1.993,2.1714,2.3434
Sao Paulo,2021-06-01,NA,NA,NA,2.1052,2.3046,2.4868
Sao Paulo,2021-07-01,NA,NA,NA,2.1543,2.3658,2.5355
Sao Paulo,2021-08-01,NA,NA,NA,2.1795,2.3848,2.5611
Sao Paulo,2021-09-01,NA,NA,NA,2.1582,2.3641,2.5257
Sao Paulo,2021-10-01,NA,NA,NA,2.0544,2.2932,2.4562
Sao Paulo,2021-11-01,NA,NA,NA,1.9047,2.1675,2.3627
Sao Paulo,2021-12-01,NA,NA,NA,1.9318,2.1667,2.3367
Sao Paulo,2022-01-01,NA,NA,NA,1.9634,2.1765,2.3457
Sao Paulo,2022-02-01,NA,NA,NA,2.0329,2.2386,2.4032
Sao Paulo,2022-03-01,NA,NA,NA,2.1558,2.3299,2.4359
Sao Paulo,2022-04-01,NA,NA,NA,2.3264,2.4767,2.515
Sao Paulo,2022-05-01,NA,NA,NA,2.4295,2.6124,2.6674
Sao Paulo,2022-06-01,NA,NA,NA,2.9634,3.1657,3.3797
Sao Paulo,2022-07-01,NA,NA,NA,3.2294,3.5,3.7829
Sao Paulo,2022-08-01,NA,NA,NA,NA,3.2384,NA
Sao Paulo,2022-09-01,NA,NA,NA,NA,3.0532,NA
Sao Paulo,2022-10-01,NA,NA,NA,NA,2.9639,NA
Sao Paulo,2022-11-01,NA,NA,NA,NA,2.6454,NA
Sao Paulo,2022-12-01,NA,NA,NA,NA,2.5729,NA
Sao Paulo,2023-01-01,NA,NA,NA,NA,2.7437,NA
Sao Paulo,2023-02-01,NA,NA,NA,NA,2.8025,NA
Sao Paulo,2023-03-01,NA,NA,NA,NA,2.874,NA
Sao Paulo,2023-04-01,NA,NA,NA,NA,2.9126,NA
Sao Paulo,2023-05-01,NA,NA,NA,NA,2.8426,NA
Sao Paulo,2023-06-01,NA,NA,NA,NA,2.7239,NA
Sao Paulo,2023-07-01,NA,NA,NA,NA,2.6482,NA
Sao Paulo,2023-08-01,NA,NA,NA,NA,2.5196,NA
Sao Paulo,2023-09-01,NA,NA,NA,NA,2.2854,NA
Sao Paulo,2023-10-01,NA,NA,NA,NA,2.1627,NA
Sao Paulo,2023-11-01,NA,NA,NA,NA,2.1386,NA
Sao Paulo,2023-12-01,NA,NA,NA,NA,2.1409,NA
Sao Paulo,2024-01-01,NA,NA,NA,NA,2.2143,NA
Sao Paulo,2024-02-01,NA,NA,NA,NA,2.3048,NA
Sao Paulo,2024-03-01,NA,NA,NA,NA,2.3686,NA
Sao Paulo,2024-04-01,NA,NA,NA,NA,2.4563,NA
Sao Paulo,2024-05-01,NA,NA,NA,NA,2.6449,NA
Sao Paulo,2024-06-01,NA,NA,NA,NA,2.704,NA
Sao Paulo,2024-07-01,NA,NA,NA,NA,2.7003,NA
Sao Paulo,2024-08-01,NA,NA,NA,NA,2.7523,NA
Sao Paulo,2024-09-01,NA,NA,NA,NA,2.842,NA
Sao Paulo,2024-10-01,NA,NA,NA,NA,2.7796,NA
Sao Paulo,2024-11-01,NA,NA,NA,NA,2.6464,NA
Sao Paulo,2024-12-01,NA,NA,NA,NA,2.5907,NA
Sao Paulo,2025-01-01,NA,NA,NA,NA,2.6296,NA
Sao Paulo,2025-02-01,NA,NA,NA,NA,2.7212,NA
Sao Paulo,2025-03-01,NA,NA,NA,NA,2.7959,NA
Sao Paulo,2025-04-01,NA,NA,NA,NA,2.7702,NA
Sao Paulo,2025-05-01,NA,NA,NA,NA,2.7333,NA
Sao Paulo,2025-06-01,NA,NA,NA,NA,2.7319,NA
Sao Paulo,2025-07-01,NA,NA,NA,NA,2.6988,NA
Sao Paulo,2025-08-01,NA,NA,NA,NA,2.6518,NA
Sao Paulo,2025-09-01,NA,NA,NA,NA,2.5613,NA
Sao Paulo,2025-10-01,NA,NA,NA,NA,2.415,NA
Sao Paulo,2025-11-01,NA,NA,NA,NA,2.234,NA
Sao Paulo,2025-12-01,NA,NA,NA,NA,2.118,NA
Sao Paulo,2026-01-01,NA,NA,NA,NA,2.1056,NA
Sao Paulo,2026-02-01,NA,NA,NA,NA,2.1963,NA
Sao Paulo,2026-03-01,NA,NA,NA,NA,2.4249,NA
Sao Paulo,2026-04-01,NA,NA,NA,NA,2.647,NA
